review,rating
"Fasilitas umumnya rusak, harga tiket terlalu mahal tidak masuk akal zonk.",1
"Tempatnya sangat kotor, petugasnya cuek dan tidak ramah buruk sekali.",2
Taman di area ini sangat terawat sehingga membuat cocok untuk keluarga besar puas sekali.,4
"Pemandangan di sini sangat seru dan edukatif, manajemen antreannya rapi!",4
"Destinasi wisata alam ini ramah untuk anak-anak, petugasnya sangat ramah top.",4
Wahana yang tersedia luas dan aman bahkan harganya ramah di kantong wajib dicoba.,5
"Pemandangan di sini luas dan aman, fasilitas ibadahnya lengkap mantap.",5
Wahana yang tersedia sangat seru dan edukatif sehingga membuat manajemen antreannya rapi banget.,5
"Akses menuju lokasi parah, wahana permainannya banyak yang tidak berfungsi zonk.",2
Area wisatanya luas dan aman serta banyak spot foto instagramable banget.,5
"Sangat kecewa, toiletnya bau dan tidak ada air zonk.",1
Area wisatanya sangat seru dan edukatif serta fasilitas ibadahnya lengkap top.,5
Tempat wisata ini sangat bersih serta petugasnya sangat ramah recommended.,5
"Fasilitas di tempat ini sangat sejuk dan asri, harganya ramah di kantong bgt.",4
"Sangat kecewa, toiletnya bau dan tidak ada air kapok ke sini.",1
Destinasi wisata alam ini tertata dengan rapi serta banyak spot foto instagramable mantap.,5
Wahana yang tersedia sangat sejuk dan asri sehingga membuat petugasnya sangat ramah recommended.,5
Taman di area ini sangat sejuk dan asri bahkan fasilitas ibadahnya lengkap banget.,5
"Tempatnya sebenarnya bagus, tapi pilihan kulinernya sedikit biasa aja.",3
Destinasi wisata alam ini luas dan aman sehingga membuat harganya ramah di kantong top.,5
"Wahana yang tersedia sangat bersih, fasilitas ibadahnya lengkap!",5
"Secara keseluruhan lumayan, namun harga makanan agak mahal standar.",3
"Tempatnya sebenarnya bagus, tapi bersiaplah lelah berjalan kaki standar.",3
"Taman di area ini sangat seru dan edukatif, banyak spot foto instagramable!",4
"Taman di area ini luas dan aman, petugasnya sangat ramah!",5
"Tempatnya sangat kotor, petugasnya cuek dan tidak ramah kapok ke sini.",2
"Tempatnya sebenarnya bagus, namun harga makanan agak mahal ok.",3
"Destinasi wisata alam ini sangat terawat, manajemen antreannya rapi!",5
"Taman di area ini sangat sejuk dan asri, harganya ramah di kantong bgt.",5
Taman di area ini sangat terawat sehingga membuat akses jalannya mudah puas sekali.,5
"Taman di area ini sangat seru dan edukatif, akses jalannya mudah puas sekali.",5
"Tempatnya sangat kotor, harga tiket terlalu mahal tidak masuk akal tidak rekomended.",2
Taman di area ini ramah untuk anak-anak bahkan fasilitas ibadahnya lengkap!,4
"Harga tiketnya biasa saja, tapi akses jalan agak macet biasa aja.",3
Taman di area ini luas dan aman sehingga membuat cocok untuk keluarga besar top.,4
Fasilitas di tempat ini luas dan aman bahkan harganya ramah di kantong banget.,4
"Tempatnya sebenarnya bagus, namun kurang terawat di beberapa sudut biasa aja.",3
Lokasi liburannya ramah untuk anak-anak sehingga membuat bikin betah berlama-lama puas sekali.,4
"Taman di area ini sangat sejuk dan asri, cocok untuk keluarga besar recommended.",5
Destinasi wisata alam ini sangat terawat dan bikin betah berlama-lama puas sekali.,5
"Area wisatanya ramah untuk anak-anak, fasilitas ibadahnya lengkap wajib dicoba.",4
Taman di area ini sangat terawat serta harganya ramah di kantong banget.,5
"Pemandangannya cukup indah, hanya saja suasananya terlalu panas lumayan.",3
"Fasilitasnya standar, hanya saja suasananya terlalu panas ok.",3
"Secara keseluruhan lumayan, tapi antrean tiketnya lumayan panjang standar.",3
"Akses menuju lokasi parah, jalannya rusak parah dan berlubang kapok ke sini.",1
Destinasi wisata alam ini ramah untuk anak-anak serta cocok untuk keluarga besar top.,5
"Destinasi wisata alam ini sangat seru dan edukatif, bikin betah berlama-lama mantap.",5
"Destinasi wisata alam ini luas dan aman, akses jalannya mudah top.",5
"Destinasi wisata alam ini sangat indah mempesona, akses jalannya mudah mantap.",5
"Harga tiketnya biasa saja, namun harga makanan agak mahal lumayan.",3
Destinasi wisata alam ini sangat seru dan edukatif serta fasilitas ibadahnya lengkap wajib dicoba.,5
Taman di area ini sangat sejuk dan asri serta bikin betah berlama-lama top.,5
Pemandangan di sini tertata dengan rapi sehingga membuat bikin betah berlama-lama mantap.,5
"Destinasi wisata alam ini sangat bersih, petugasnya sangat ramah!",5
"Taman di area ini sangat sejuk dan asri, manajemen antreannya rapi recommended.",4
Wahana yang tersedia sangat terawat bahkan banyak spot foto instagramable!,5
"Destinasi wisata alam ini sangat terawat, fasilitas ibadahnya lengkap mantap.",4
Lokasi liburannya sangat sejuk dan asri sehingga membuat petugasnya sangat ramah top.,4
Wahana yang tersedia ramah untuk anak-anak serta cocok untuk keluarga besar wajib dicoba.,4
"Taman di area ini ramah untuk anak-anak, akses jalannya mudah recommended.",4
Area wisatanya sangat terawat bahkan fasilitas ibadahnya lengkap!,5
"Harga tiketnya biasa saja, tapi akses jalan agak macet lumayan.",3
"Pemandangannya cukup indah, tapi akses jalan agak macet.",3
"Area wisatanya sangat sejuk dan asri, banyak spot foto instagramable puas sekali.",5
"Tempatnya sangat kotor, toiletnya bau dan tidak ada air tidak rekomended.",2
Destinasi wisata alam ini sangat seru dan edukatif serta petugasnya sangat ramah!,5
"Tempatnya sebenarnya bagus, tapi antrean tiketnya lumayan panjang cukup lah.",3
"Akses menuju lokasi parah, petugasnya cuek dan tidak ramah kapok ke sini.",2
"Taman di area ini sangat bersih, petugasnya sangat ramah!",4
"Taman di area ini luas dan aman, harganya ramah di kantong!",5
"Fasilitas umumnya rusak, banyak sampah berserakan di mana-mana kecewa berat.",1
"Tempatnya sangat kotor, banyak sampah berserakan di mana-mana kapok ke sini.",2
Wahana yang tersedia tertata dengan rapi dan akses jalannya mudah top.,5
Taman di area ini sangat terawat bahkan petugasnya sangat ramah bgt.,4
Area wisatanya tertata dengan rapi sehingga membuat akses jalannya mudah!,5
"Taman di area ini tertata dengan rapi, petugasnya sangat ramah bgt.",5
"Akses menuju lokasi parah, harga tiket terlalu mahal tidak masuk akal tidak rekomended.",2
"Fasilitas umumnya rusak, wahana permainannya banyak yang tidak berfungsi tidak rekomended.",1
"Harga tiketnya biasa saja, tapi pilihan kulinernya sedikit standar.",3
Destinasi wisata alam ini luas dan aman bahkan cocok untuk keluarga besar puas sekali.,5
"Lokasi liburannya sangat indah mempesona, fasilitas ibadahnya lengkap puas sekali.",5
"Fasilitas umumnya rusak, jalannya rusak parah dan berlubang zonk.",2
"Fasilitasnya standar, hanya saja tempat parkir cepat penuh biasa aja.",3
Destinasi wisata alam ini sangat terawat bahkan fasilitas ibadahnya lengkap bgt.,4
Fasilitas di tempat ini sangat seru dan edukatif dan harganya ramah di kantong puas sekali.,4
Tempat wisata ini sangat seru dan edukatif bahkan harganya ramah di kantong!,4
"Pelayanannya buruk, toiletnya bau dan tidak ada air kecewa berat.",2
"Akses menuju lokasi parah, petugasnya cuek dan tidak ramah!",1
"Harga tiketnya biasa saja, hanya saja suasananya terlalu panas cukup lah.",3
"Fasilitasnya standar, tapi bersiaplah lelah berjalan kaki cukup lah.",3
"Destinasi wisata alam ini ramah untuk anak-anak, bikin betah berlama-lama top.",4
"Sangat kecewa, banyak pungli yang meresahkan pengunjung kecewa berat.",2
"Pelayanannya buruk, wahana permainannya banyak yang tidak berfungsi zonk.",2
"Wahana yang tersedia tertata dengan rapi, manajemen antreannya rapi!",5
"Pemandangannya cukup indah, tapi bersiaplah lelah berjalan kaki ok.",3
"Wahana yang tersedia sangat terawat, harganya ramah di kantong!",5
"Area wisatanya sangat sejuk dan asri, bikin betah berlama-lama top.",5
"Sangat kecewa, wahana permainannya banyak yang tidak berfungsi tidak rekomended.",2
"Harga tiketnya biasa saja, hanya saja tempat parkir cepat penuh standar.",3
"Lokasi liburannya sangat seru dan edukatif, petugasnya sangat ramah puas sekali.",4
Area wisatanya sangat indah mempesona bahkan cocok untuk keluarga besar mantap.,4
Wahana yang tersedia ramah untuk anak-anak dan petugasnya sangat ramah mantap.,4
"Destinasi wisata alam ini ramah untuk anak-anak, banyak spot foto instagramable mantap.",4
"Area wisatanya sangat sejuk dan asri, akses jalannya mudah puas sekali.",4
"Secara keseluruhan lumayan, tapi akses jalan agak macet cukup lah.",3
"Destinasi wisata alam ini sangat sejuk dan asri, harganya ramah di kantong wajib dicoba.",4
"Taman di area ini ramah untuk anak-anak, manajemen antreannya rapi bgt.",4
Fasilitas di tempat ini ramah untuk anak-anak sehingga membuat manajemen antreannya rapi top.,4
"Tempatnya sangat kotor, banyak pungli yang meresahkan pengunjung buruk sekali.",1
"Pemandangannya cukup indah, namun kurang terawat di beberapa sudut.",3
"Secara keseluruhan lumayan, hanya saja tempat parkir cepat penuh biasa aja.",3
"Area wisatanya luas dan aman, bikin betah berlama-lama recommended.",4
"Pemandangannya cukup indah, tapi antrean tiketnya lumayan panjang standar.",3
"Area wisatanya tertata dengan rapi, cocok untuk keluarga besar mantap.",5
"Fasilitas umumnya rusak, jalannya rusak parah dan berlubang kecewa berat.",1
Taman di area ini sangat bersih dan cocok untuk keluarga besar puas sekali.,5
"Pemandangannya cukup indah, tapi antrean tiketnya lumayan panjang.",3
"Secara keseluruhan lumayan, hanya saja suasananya terlalu panas lumayan.",3
"Destinasi wisata alam ini tertata dengan rapi, petugasnya sangat ramah wajib dicoba.",4
"Taman di area ini tertata dengan rapi, manajemen antreannya rapi puas sekali.",4
"Tempatnya sebenarnya bagus, tapi akses jalan agak macet standar.",3
"Tempat wisata ini tertata dengan rapi, bikin betah berlama-lama mantap.",5
Taman di area ini ramah untuk anak-anak serta cocok untuk keluarga besar!,4
"Lokasi liburannya ramah untuk anak-anak, harganya ramah di kantong mantap.",4
Destinasi wisata alam ini sangat indah mempesona serta banyak spot foto instagramable puas sekali.,5
"Wahana yang tersedia sangat indah mempesona, cocok untuk keluarga besar banget.",4
"Pemandangan di sini sangat indah mempesona, fasilitas ibadahnya lengkap!",4
"Fasilitasnya standar, tapi pilihan kulinernya sedikit standar.",3
"Wahana yang tersedia sangat sejuk dan asri, bikin betah berlama-lama banget.",5
"Tempat wisata ini tertata dengan rapi, petugasnya sangat ramah mantap.",5
"Secara keseluruhan lumayan, tapi pilihan kulinernya sedikit tapi perlu perbaikan.",3
"Taman di area ini luas dan aman, petugasnya sangat ramah bgt.",5
Fasilitas di tempat ini tertata dengan rapi bahkan petugasnya sangat ramah puas sekali.,5
"Fasilitas di tempat ini sangat terawat, bikin betah berlama-lama mantap.",5
"Taman di area ini ramah untuk anak-anak, fasilitas ibadahnya lengkap mantap.",5
Pemandangan di sini ramah untuk anak-anak bahkan fasilitas ibadahnya lengkap!,4
"Pelayanannya buruk, harga tiket terlalu mahal tidak masuk akal buruk sekali.",1
"Fasilitas di tempat ini ramah untuk anak-anak, fasilitas ibadahnya lengkap bgt.",5
"Sangat kecewa, banyak pungli yang meresahkan pengunjung buruk sekali.",2
"Fasilitas di tempat ini ramah untuk anak-anak, harganya ramah di kantong bgt.",4
"Pelayanannya buruk, banyak pungli yang meresahkan pengunjung parah.",1
"Pemandangan di sini sangat bersih, cocok untuk keluarga besar banget.",4
Area wisatanya tertata dengan rapi sehingga membuat fasilitas ibadahnya lengkap top.,5
Taman di area ini sangat terawat dan banyak spot foto instagramable mantap.,4
"Fasilitasnya standar, tapi bersiaplah lelah berjalan kaki ok.",3
Area wisatanya ramah untuk anak-anak bahkan fasilitas ibadahnya lengkap bgt.,5
"Wahana yang tersedia sangat seru dan edukatif, petugasnya sangat ramah bgt.",4
"Fasilitasnya standar, tapi antrean tiketnya lumayan panjang.",3
"Tempatnya sangat kotor, harga tiket terlalu mahal tidak masuk akal parah.",2
"Secara keseluruhan lumayan, tapi bersiaplah lelah berjalan kaki tapi perlu perbaikan.",3
"Tempatnya sebenarnya bagus, tapi pilihan kulinernya sedikit standar.",3
"Taman di area ini sangat sejuk dan asri, banyak spot foto instagramable wajib dicoba.",4
"Destinasi wisata alam ini ramah untuk anak-anak, harganya ramah di kantong recommended.",4
"Pelayanannya buruk, petugasnya cuek dan tidak ramah kapok ke sini.",2
Area wisatanya sangat terawat sehingga membuat petugasnya sangat ramah banget.,5
"Fasilitas umumnya rusak, petugasnya cuek dan tidak ramah!",1
"Fasilitasnya standar, tapi akses jalan agak macet standar.",3
"Akses menuju lokasi parah, sangat pengap dan berdesakan!",2
Wahana yang tersedia sangat sejuk dan asri serta banyak spot foto instagramable mantap.,5
"Tempatnya sebenarnya bagus, hanya saja tempat parkir cepat penuh standar.",3
"Tempat wisata ini sangat bersih, fasilitas ibadahnya lengkap banget.",4
Lokasi liburannya sangat terawat sehingga membuat banyak spot foto instagramable mantap.,4
"Secara keseluruhan lumayan, namun kurang terawat di beberapa sudut cukup lah.",3
"Fasilitas umumnya rusak, toiletnya bau dan tidak ada air buruk sekali.",2
"Harga tiketnya biasa saja, namun kurang terawat di beberapa sudut.",3
"Sangat kecewa, banyak sampah berserakan di mana-mana kecewa berat.",1
"Tempatnya sebenarnya bagus, hanya saja suasananya terlalu panas cukup lah.",3
"Tempatnya sangat kotor, jalannya rusak parah dan berlubang tidak rekomended.",2
"Pelayanannya buruk, petugasnya cuek dan tidak ramah tidak rekomended.",2
"Tempatnya sangat kotor, wahana permainannya banyak yang tidak berfungsi zonk.",1
Taman di area ini sangat sejuk dan asri sehingga membuat petugasnya sangat ramah mantap.,5
"Fasilitas di tempat ini tertata dengan rapi, petugasnya sangat ramah top.",5
"Secara keseluruhan lumayan, hanya saja tempat parkir cepat penuh tapi perlu perbaikan.",3
"Taman di area ini sangat sejuk dan asri, banyak spot foto instagramable bgt.",5
Tempat wisata ini luas dan aman bahkan fasilitas ibadahnya lengkap recommended.,5
"Fasilitas umumnya rusak, jalannya rusak parah dan berlubang buruk sekali.",1
Tempat wisata ini sangat indah mempesona bahkan fasilitas ibadahnya lengkap banget.,5
"Pelayanannya buruk, toiletnya bau dan tidak ada air tidak rekomended.",1
Taman di area ini sangat terawat sehingga membuat akses jalannya mudah banget.,5
"Wahana yang tersedia luas dan aman, banyak spot foto instagramable top.",5
"Harga tiketnya biasa saja, tapi antrean tiketnya lumayan panjang biasa aja.",3
"Pemandangannya cukup indah, hanya saja tempat parkir cepat penuh standar.",3
"Fasilitas di tempat ini luas dan aman, bikin betah berlama-lama puas sekali.",5
"Secara keseluruhan lumayan, tapi antrean tiketnya lumayan panjang tapi perlu perbaikan.",3
Wahana yang tersedia sangat sejuk dan asri dan akses jalannya mudah mantap.,4
"Tempatnya sebenarnya bagus, tapi akses jalan agak macet ok.",3
"Tempatnya sangat kotor, wahana permainannya banyak yang tidak berfungsi!",1
Area wisatanya tertata dengan rapi dan banyak spot foto instagramable bgt.,4
Destinasi wisata alam ini ramah untuk anak-anak dan cocok untuk keluarga besar recommended.,5
"Fasilitas di tempat ini tertata dengan rapi, petugasnya sangat ramah mantap.",4
"Akses menuju lokasi parah, wahana permainannya banyak yang tidak berfungsi kecewa berat.",1
"Akses menuju lokasi parah, banyak pungli yang meresahkan pengunjung buruk sekali.",1
Area wisatanya tertata dengan rapi dan akses jalannya mudah mantap.,5
Taman di area ini luas dan aman sehingga membuat petugasnya sangat ramah mantap.,5
"Pemandangan di sini luas dan aman, fasilitas ibadahnya lengkap!",5
"Akses menuju lokasi parah, petugasnya cuek dan tidak ramah tidak rekomended.",2
"Area wisatanya tertata dengan rapi, fasilitas ibadahnya lengkap wajib dicoba.",5
"Fasilitasnya standar, hanya saja tempat parkir cepat penuh.",3
"Taman di area ini sangat terawat, akses jalannya mudah mantap.",5
"Wahana yang tersedia tertata dengan rapi, akses jalannya mudah wajib dicoba.",4
Wahana yang tersedia sangat terawat dan fasilitas ibadahnya lengkap bgt.,4
"Sangat kecewa, wahana permainannya banyak yang tidak berfungsi!",2
"Pemandangannya cukup indah, tapi antrean tiketnya lumayan panjang ok.",3
"Fasilitas di tempat ini sangat seru dan edukatif, petugasnya sangat ramah recommended.",5
"Tempatnya sebenarnya bagus, namun kurang terawat di beberapa sudut cukup lah.",3
Taman di area ini luas dan aman bahkan fasilitas ibadahnya lengkap puas sekali.,5
Lokasi liburannya sangat sejuk dan asri sehingga membuat petugasnya sangat ramah wajib dicoba.,5
Tempat wisata ini sangat bersih sehingga membuat harganya ramah di kantong bgt.,4
"Tempatnya sangat kotor, wahana permainannya banyak yang tidak berfungsi tidak rekomended.",2
Pemandangan di sini sangat indah mempesona sehingga membuat harganya ramah di kantong recommended.,4
"Fasilitasnya standar, namun harga makanan agak mahal biasa aja.",3
"Taman di area ini sangat sejuk dan asri, banyak spot foto instagramable mantap.",4
"Secara keseluruhan lumayan, tapi pilihan kulinernya sedikit cukup lah.",3
Tempat wisata ini sangat indah mempesona serta bikin betah berlama-lama banget.,5
"Akses menuju lokasi parah, wahana permainannya banyak yang tidak berfungsi tidak rekomended.",1
"Sangat kecewa, petugasnya cuek dan tidak ramah kecewa berat.",1
"Fasilitasnya standar, hanya saja tempat parkir cepat penuh tapi perlu perbaikan.",3
Taman di area ini luas dan aman bahkan banyak spot foto instagramable banget.,4
"Pemandangan di sini sangat seru dan edukatif, harganya ramah di kantong recommended.",4
"Tempat wisata ini sangat seru dan edukatif, akses jalannya mudah banget.",4
"Tempatnya sebenarnya bagus, namun kurang terawat di beberapa sudut.",3
Fasilitas di tempat ini sangat seru dan edukatif sehingga membuat manajemen antreannya rapi!,5
"Secara keseluruhan lumayan, tapi pilihan kulinernya sedikit.",3
Fasilitas di tempat ini sangat seru dan edukatif sehingga membuat bikin betah berlama-lama banget.,4
"Secara keseluruhan lumayan, namun kurang terawat di beberapa sudut standar.",3
"Area wisatanya tertata dengan rapi, fasilitas ibadahnya lengkap mantap.",4
"Wahana yang tersedia sangat sejuk dan asri, banyak spot foto instagramable bgt.",5
Wahana yang tersedia tertata dengan rapi serta akses jalannya mudah top.,4
"Area wisatanya ramah untuk anak-anak, manajemen antreannya rapi top.",4
"Fasilitasnya standar, tapi bersiaplah lelah berjalan kaki tapi perlu perbaikan.",3
"Fasilitas di tempat ini sangat sejuk dan asri, cocok untuk keluarga besar!",5
"Tempatnya sebenarnya bagus, tapi bersiaplah lelah berjalan kaki lumayan.",3
Lokasi liburannya tertata dengan rapi dan fasilitas ibadahnya lengkap recommended.,5
"Secara keseluruhan lumayan, namun kurang terawat di beberapa sudut ok.",3
Fasilitas di tempat ini tertata dengan rapi serta akses jalannya mudah mantap.,4
"Akses menuju lokasi parah, sangat pengap dan berdesakan kapok ke sini.",1
Lokasi liburannya ramah untuk anak-anak serta banyak spot foto instagramable!,4
"Area wisatanya luas dan aman, harganya ramah di kantong top.",4
"Pemandangan di sini sangat seru dan edukatif, banyak spot foto instagramable banget.",5
"Lokasi liburannya sangat indah mempesona, petugasnya sangat ramah mantap.",5
"Wahana yang tersedia sangat sejuk dan asri, cocok untuk keluarga besar puas sekali.",5
"Harga tiketnya biasa saja, hanya saja tempat parkir cepat penuh tapi perlu perbaikan.",3
"Lokasi liburannya sangat bersih, banyak spot foto instagramable!",5
"Tempatnya sangat kotor, sangat pengap dan berdesakan kapok ke sini.",1
"Destinasi wisata alam ini sangat bersih, fasilitas ibadahnya lengkap top.",5
Pemandangan di sini sangat seru dan edukatif dan fasilitas ibadahnya lengkap banget.,5
"Fasilitasnya standar, hanya saja tempat parkir cepat penuh lumayan.",3
Destinasi wisata alam ini ramah untuk anak-anak dan fasilitas ibadahnya lengkap top.,5
Tempat wisata ini luas dan aman bahkan banyak spot foto instagramable top.,4
"Lokasi liburannya sangat bersih, harganya ramah di kantong mantap.",5
Fasilitas di tempat ini ramah untuk anak-anak serta petugasnya sangat ramah!,5
"Wahana yang tersedia sangat seru dan edukatif, harganya ramah di kantong wajib dicoba.",4
"Harga tiketnya biasa saja, tapi pilihan kulinernya sedikit biasa aja.",3
"Tempatnya sangat kotor, petugasnya cuek dan tidak ramah!",2
"Fasilitas umumnya rusak, sangat pengap dan berdesakan kapok ke sini.",2
"Destinasi wisata alam ini luas dan aman, fasilitas ibadahnya lengkap recommended.",4
Taman di area ini tertata dengan rapi sehingga membuat fasilitas ibadahnya lengkap!,5
"Secara keseluruhan lumayan, tapi akses jalan agak macet ok.",3
"Akses menuju lokasi parah, jalannya rusak parah dan berlubang kecewa berat.",1
"Sangat kecewa, toiletnya bau dan tidak ada air tidak rekomended.",1
"Pelayanannya buruk, sangat pengap dan berdesakan zonk.",1
"Fasilitasnya standar, namun kurang terawat di beberapa sudut lumayan.",3
"Pemandangan di sini tertata dengan rapi, fasilitas ibadahnya lengkap!",4
"Harga tiketnya biasa saja, tapi antrean tiketnya lumayan panjang tapi perlu perbaikan.",3
"Taman di area ini sangat terawat, cocok untuk keluarga besar mantap.",4
"Destinasi wisata alam ini sangat sejuk dan asri, fasilitas ibadahnya lengkap banget.",5
Lokasi liburannya sangat bersih sehingga membuat cocok untuk keluarga besar banget.,5
"Tempatnya sebenarnya bagus, tapi antrean tiketnya lumayan panjang biasa aja.",3
Wahana yang tersedia sangat indah mempesona serta banyak spot foto instagramable!,5
"Pelayanannya buruk, banyak sampah berserakan di mana-mana tidak rekomended.",2
"Pemandangan di sini sangat sejuk dan asri, akses jalannya mudah bgt.",5
Lokasi liburannya sangat sejuk dan asri dan petugasnya sangat ramah top.,5
"Harga tiketnya biasa saja, hanya saja tempat parkir cepat penuh ok.",3
"Secara keseluruhan lumayan, hanya saja suasananya terlalu panas biasa aja.",3
"Lokasi liburannya sangat indah mempesona, banyak spot foto instagramable recommended.",5
"Akses menuju lokasi parah, jalannya rusak parah dan berlubang buruk sekali.",1
Tempat wisata ini sangat terawat sehingga membuat harganya ramah di kantong recommended.,5
"Fasilitas umumnya rusak, petugasnya cuek dan tidak ramah tidak rekomended.",2
"Tempat wisata ini sangat sejuk dan asri, cocok untuk keluarga besar puas sekali.",5
"Wahana yang tersedia sangat sejuk dan asri, harganya ramah di kantong recommended.",4
"Pemandangannya cukup indah, tapi bersiaplah lelah berjalan kaki tapi perlu perbaikan.",3
"Tempat wisata ini sangat seru dan edukatif, fasilitas ibadahnya lengkap wajib dicoba.",4
"Pelayanannya buruk, jalannya rusak parah dan berlubang!",2
Area wisatanya sangat terawat sehingga membuat akses jalannya mudah puas sekali.,5
"Destinasi wisata alam ini sangat terawat, fasilitas ibadahnya lengkap recommended.",4
Pemandangan di sini ramah untuk anak-anak dan bikin betah berlama-lama mantap.,5
"Secara keseluruhan lumayan, tapi pilihan kulinernya sedikit biasa aja.",3
Destinasi wisata alam ini sangat terawat dan banyak spot foto instagramable bgt.,4
"Akses menuju lokasi parah, toiletnya bau dan tidak ada air!",2
"Tempat wisata ini sangat sejuk dan asri, bikin betah berlama-lama puas sekali.",5
Taman di area ini sangat sejuk dan asri sehingga membuat petugasnya sangat ramah bgt.,5
"Sangat kecewa, banyak sampah berserakan di mana-mana kapok ke sini.",2
"Secara keseluruhan lumayan, tapi bersiaplah lelah berjalan kaki standar.",3
"Pemandangan di sini sangat indah mempesona, akses jalannya mudah recommended.",5
"Fasilitasnya standar, tapi akses jalan agak macet.",3
"Lokasi liburannya ramah untuk anak-anak, cocok untuk keluarga besar!",4
"Lokasi liburannya tertata dengan rapi, banyak spot foto instagramable!",4
"Secara keseluruhan lumayan, namun harga makanan agak mahal cukup lah.",3
Taman di area ini sangat bersih sehingga membuat petugasnya sangat ramah top.,4
"Akses menuju lokasi parah, harga tiket terlalu mahal tidak masuk akal kapok ke sini.",1
"Fasilitas umumnya rusak, wahana permainannya banyak yang tidak berfungsi parah.",1
"Fasilitas di tempat ini sangat seru dan edukatif, cocok untuk keluarga besar recommended.",4
"Pelayanannya buruk, banyak pungli yang meresahkan pengunjung!",1
Lokasi liburannya ramah untuk anak-anak sehingga membuat manajemen antreannya rapi!,4
Destinasi wisata alam ini sangat seru dan edukatif sehingga membuat cocok untuk keluarga besar puas sekali.,4
"Taman di area ini sangat bersih, fasilitas ibadahnya lengkap mantap.",5
"Tempatnya sangat kotor, banyak sampah berserakan di mana-mana zonk.",2
Lokasi liburannya tertata dengan rapi serta bikin betah berlama-lama top.,5
"Fasilitasnya standar, hanya saja tempat parkir cepat penuh cukup lah.",3
"Wahana yang tersedia ramah untuk anak-anak, akses jalannya mudah banget.",5
"Secara keseluruhan lumayan, hanya saja suasananya terlalu panas cukup lah.",3
"Pemandangannya cukup indah, namun harga makanan agak mahal standar.",3
"Secara keseluruhan lumayan, namun kurang terawat di beberapa sudut tapi perlu perbaikan.",3
Tempat wisata ini sangat indah mempesona sehingga membuat manajemen antreannya rapi top.,4
"Fasilitas umumnya rusak, banyak pungli yang meresahkan pengunjung kecewa berat.",2
"Lokasi liburannya sangat seru dan edukatif, manajemen antreannya rapi banget.",5
Area wisatanya sangat indah mempesona sehingga membuat manajemen antreannya rapi wajib dicoba.,4
"Akses menuju lokasi parah, jalannya rusak parah dan berlubang tidak rekomended.",2
Lokasi liburannya sangat terawat dan bikin betah berlama-lama recommended.,5
"Fasilitas umumnya rusak, toiletnya bau dan tidak ada air parah.",1
"Tempatnya sangat kotor, toiletnya bau dan tidak ada air parah.",1
"Fasilitas di tempat ini luas dan aman, bikin betah berlama-lama top.",4
Taman di area ini sangat seru dan edukatif serta fasilitas ibadahnya lengkap recommended.,4
"Tempatnya sangat kotor, sangat pengap dan berdesakan tidak rekomended.",1
"Wahana yang tersedia sangat seru dan edukatif, manajemen antreannya rapi bgt.",5
Lokasi liburannya ramah untuk anak-anak dan manajemen antreannya rapi top.,5
Fasilitas di tempat ini ramah untuk anak-anak sehingga membuat harganya ramah di kantong mantap.,5
Lokasi liburannya sangat bersih bahkan manajemen antreannya rapi banget.,4
"Pemandangan di sini sangat sejuk dan asri, manajemen antreannya rapi recommended.",4
"Sangat kecewa, banyak pungli yang meresahkan pengunjung parah.",2
"Pemandangan di sini sangat sejuk dan asri, bikin betah berlama-lama puas sekali.",4
Taman di area ini sangat seru dan edukatif sehingga membuat bikin betah berlama-lama bgt.,5
"Wahana yang tersedia sangat sejuk dan asri, banyak spot foto instagramable wajib dicoba.",5
"Secara keseluruhan lumayan, tapi akses jalan agak macet lumayan.",3
"Lokasi liburannya sangat sejuk dan asri, cocok untuk keluarga besar top.",4
"Pemandangan di sini ramah untuk anak-anak, petugasnya sangat ramah banget.",4
Area wisatanya sangat seru dan edukatif bahkan banyak spot foto instagramable puas sekali.,5
"Area wisatanya sangat indah mempesona, cocok untuk keluarga besar wajib dicoba.",5
"Fasilitas di tempat ini sangat indah mempesona, harganya ramah di kantong!",5
Wahana yang tersedia sangat terawat dan fasilitas ibadahnya lengkap puas sekali.,4
Destinasi wisata alam ini ramah untuk anak-anak bahkan bikin betah berlama-lama top.,5
Lokasi liburannya sangat sejuk dan asri serta fasilitas ibadahnya lengkap wajib dicoba.,4
Lokasi liburannya sangat seru dan edukatif sehingga membuat cocok untuk keluarga besar top.,4
"Tempatnya sangat kotor, petugasnya cuek dan tidak ramah parah.",1
"Tempat wisata ini ramah untuk anak-anak, petugasnya sangat ramah bgt.",4
"Tempat wisata ini tertata dengan rapi, bikin betah berlama-lama top.",5
Lokasi liburannya sangat terawat bahkan manajemen antreannya rapi!,5
"Harga tiketnya biasa saja, tapi bersiaplah lelah berjalan kaki.",3
"Area wisatanya sangat terawat, bikin betah berlama-lama wajib dicoba.",4
"Taman di area ini sangat sejuk dan asri, fasilitas ibadahnya lengkap puas sekali.",4
"Tempatnya sebenarnya bagus, hanya saja tempat parkir cepat penuh cukup lah.",3
Destinasi wisata alam ini sangat bersih bahkan petugasnya sangat ramah banget.,4
Pemandangan di sini ramah untuk anak-anak sehingga membuat cocok untuk keluarga besar wajib dicoba.,5
"Taman di area ini sangat bersih, cocok untuk keluarga besar bgt.",5
Area wisatanya tertata dengan rapi dan petugasnya sangat ramah bgt.,4
Pemandangan di sini ramah untuk anak-anak sehingga membuat manajemen antreannya rapi puas sekali.,4
"Pelayanannya buruk, banyak sampah berserakan di mana-mana zonk.",2
"Harga tiketnya biasa saja, hanya saja tempat parkir cepat penuh.",3
"Pemandangannya cukup indah, tapi bersiaplah lelah berjalan kaki.",3
"Taman di area ini sangat seru dan edukatif, harganya ramah di kantong top.",5
"Harga tiketnya biasa saja, namun harga makanan agak mahal cukup lah.",3
Taman di area ini tertata dengan rapi dan akses jalannya mudah puas sekali.,5
Destinasi wisata alam ini sangat bersih bahkan harganya ramah di kantong puas sekali.,4
"Lokasi liburannya sangat seru dan edukatif, petugasnya sangat ramah wajib dicoba.",4
"Pemandangan di sini sangat sejuk dan asri, cocok untuk keluarga besar recommended.",4
"Tempat wisata ini sangat bersih, banyak spot foto instagramable puas sekali.",5
Lokasi liburannya luas dan aman bahkan bikin betah berlama-lama top.,5
"Fasilitas di tempat ini luas dan aman, bikin betah berlama-lama mantap.",5
"Sangat kecewa, harga tiket terlalu mahal tidak masuk akal kecewa berat.",1
"Secara keseluruhan lumayan, namun kurang terawat di beberapa sudut lumayan.",3
"Lokasi liburannya ramah untuk anak-anak, fasilitas ibadahnya lengkap recommended.",5
"Pemandangan di sini tertata dengan rapi, fasilitas ibadahnya lengkap wajib dicoba.",5
"Pemandangan di sini sangat indah mempesona, bikin betah berlama-lama mantap.",4
Lokasi liburannya sangat sejuk dan asri dan fasilitas ibadahnya lengkap banget.,4
"Fasilitas di tempat ini sangat sejuk dan asri, fasilitas ibadahnya lengkap mantap.",5
"Wahana yang tersedia sangat indah mempesona, fasilitas ibadahnya lengkap recommended.",4
"Area wisatanya ramah untuk anak-anak, harganya ramah di kantong puas sekali.",4
Pemandangan di sini sangat bersih bahkan harganya ramah di kantong bgt.,5
"Pelayanannya buruk, toiletnya bau dan tidak ada air kapok ke sini.",2
"Harga tiketnya biasa saja, namun kurang terawat di beberapa sudut ok.",3
Fasilitas di tempat ini sangat bersih sehingga membuat banyak spot foto instagramable banget.,5
"Tempat wisata ini luas dan aman, petugasnya sangat ramah top.",4
"Akses menuju lokasi parah, toiletnya bau dan tidak ada air zonk.",1
"Wahana yang tersedia sangat sejuk dan asri, manajemen antreannya rapi recommended.",4
"Sangat kecewa, petugasnya cuek dan tidak ramah zonk.",2
"Harga tiketnya biasa saja, tapi bersiaplah lelah berjalan kaki standar.",3
Wahana yang tersedia sangat bersih bahkan cocok untuk keluarga besar puas sekali.,4
"Secara keseluruhan lumayan, namun kurang terawat di beberapa sudut biasa aja.",3
Destinasi wisata alam ini sangat bersih serta harganya ramah di kantong puas sekali.,5
Taman di area ini luas dan aman serta fasilitas ibadahnya lengkap wajib dicoba.,4
Destinasi wisata alam ini tertata dengan rapi dan harganya ramah di kantong wajib dicoba.,5
"Taman di area ini tertata dengan rapi, akses jalannya mudah mantap.",4
Taman di area ini luas dan aman serta harganya ramah di kantong top.,4
"Tempat wisata ini sangat terawat, harganya ramah di kantong bgt.",4
"Pemandangannya cukup indah, tapi akses jalan agak macet biasa aja.",3
"Pelayanannya buruk, petugasnya cuek dan tidak ramah zonk.",1
"Fasilitas di tempat ini ramah untuk anak-anak, manajemen antreannya rapi wajib dicoba.",5
Destinasi wisata alam ini sangat indah mempesona dan manajemen antreannya rapi puas sekali.,4
"Pemandangannya cukup indah, hanya saja tempat parkir cepat penuh.",3
"Wahana yang tersedia sangat bersih, fasilitas ibadahnya lengkap top.",4
"Pemandangannya cukup indah, hanya saja suasananya terlalu panas tapi perlu perbaikan.",3
"Pemandangan di sini sangat sejuk dan asri, manajemen antreannya rapi mantap.",4
Fasilitas di tempat ini sangat sejuk dan asri dan harganya ramah di kantong recommended.,5
Area wisatanya sangat terawat serta cocok untuk keluarga besar mantap.,4
"Pemandangan di sini sangat sejuk dan asri, cocok untuk keluarga besar banget.",4
"Pemandangan di sini sangat indah mempesona, cocok untuk keluarga besar bgt.",4
"Akses menuju lokasi parah, banyak sampah berserakan di mana-mana tidak rekomended.",1
"Tempatnya sangat kotor, petugasnya cuek dan tidak ramah kecewa berat.",2
"Tempatnya sebenarnya bagus, tapi pilihan kulinernya sedikit lumayan.",3
"Lokasi liburannya sangat sejuk dan asri, bikin betah berlama-lama!",4
"Destinasi wisata alam ini sangat sejuk dan asri, bikin betah berlama-lama banget.",4
Area wisatanya sangat indah mempesona dan bikin betah berlama-lama top.,5
"Fasilitas umumnya rusak, sangat pengap dan berdesakan tidak rekomended.",1
"Area wisatanya sangat seru dan edukatif, akses jalannya mudah!",5
Pemandangan di sini sangat indah mempesona dan petugasnya sangat ramah mantap.,5
Lokasi liburannya sangat bersih serta akses jalannya mudah recommended.,4
"Fasilitasnya standar, tapi akses jalan agak macet lumayan.",3
"Fasilitas umumnya rusak, harga tiket terlalu mahal tidak masuk akal parah.",2
"Tempatnya sangat kotor, banyak sampah berserakan di mana-mana tidak rekomended.",1
"Area wisatanya luas dan aman, akses jalannya mudah!",5
"Fasilitasnya standar, tapi antrean tiketnya lumayan panjang biasa aja.",3
"Akses menuju lokasi parah, banyak sampah berserakan di mana-mana buruk sekali.",1
"Fasilitas umumnya rusak, sangat pengap dan berdesakan zonk.",1
"Lokasi liburannya tertata dengan rapi, petugasnya sangat ramah top.",4
"Akses menuju lokasi parah, toiletnya bau dan tidak ada air tidak rekomended.",2
Lokasi liburannya sangat terawat dan manajemen antreannya rapi wajib dicoba.,4
"Sangat kecewa, harga tiket terlalu mahal tidak masuk akal tidak rekomended.",2
Wahana yang tersedia tertata dengan rapi serta bikin betah berlama-lama puas sekali.,5
"Fasilitas umumnya rusak, petugasnya cuek dan tidak ramah zonk.",2
Area wisatanya luas dan aman sehingga membuat manajemen antreannya rapi banget.,5
"Fasilitasnya standar, tapi akses jalan agak macet biasa aja.",3
"Fasilitasnya standar, namun harga makanan agak mahal lumayan.",3
Lokasi liburannya luas dan aman serta harganya ramah di kantong recommended.,5
Destinasi wisata alam ini ramah untuk anak-anak serta cocok untuk keluarga besar wajib dicoba.,4
"Destinasi wisata alam ini tertata dengan rapi, petugasnya sangat ramah banget.",5
"Tempat wisata ini luas dan aman, akses jalannya mudah puas sekali.",4
"Wahana yang tersedia sangat indah mempesona, akses jalannya mudah top.",5
"Lokasi liburannya sangat bersih, bikin betah berlama-lama wajib dicoba.",5
Fasilitas di tempat ini sangat terawat sehingga membuat fasilitas ibadahnya lengkap wajib dicoba.,4
"Pemandangan di sini tertata dengan rapi, cocok untuk keluarga besar puas sekali.",4
"Pelayanannya buruk, banyak pungli yang meresahkan pengunjung kecewa berat.",1
"Pemandangannya cukup indah, hanya saja suasananya terlalu panas standar.",3
Area wisatanya sangat terawat dan petugasnya sangat ramah wajib dicoba.,4
"Fasilitasnya standar, tapi pilihan kulinernya sedikit cukup lah.",3
"Area wisatanya sangat terawat, banyak spot foto instagramable!",4
"Wahana yang tersedia sangat indah mempesona, cocok untuk keluarga besar puas sekali.",4
Taman di area ini tertata dengan rapi bahkan banyak spot foto instagramable recommended.,5
"Area wisatanya ramah untuk anak-anak, cocok untuk keluarga besar puas sekali.",4
Destinasi wisata alam ini luas dan aman serta manajemen antreannya rapi recommended.,5
"Tempatnya sangat kotor, jalannya rusak parah dan berlubang kecewa berat.",2
Lokasi liburannya sangat seru dan edukatif serta fasilitas ibadahnya lengkap recommended.,4
"Harga tiketnya biasa saja, namun kurang terawat di beberapa sudut lumayan.",3
"Wahana yang tersedia sangat seru dan edukatif, akses jalannya mudah banget.",5
Destinasi wisata alam ini sangat terawat bahkan bikin betah berlama-lama top.,4
Fasilitas di tempat ini sangat indah mempesona dan harganya ramah di kantong recommended.,5
Fasilitas di tempat ini luas dan aman serta petugasnya sangat ramah mantap.,5
"Fasilitas di tempat ini ramah untuk anak-anak, petugasnya sangat ramah puas sekali.",5
"Pelayanannya buruk, sangat pengap dan berdesakan parah.",2
Pemandangan di sini sangat sejuk dan asri sehingga membuat banyak spot foto instagramable wajib dicoba.,5
Wahana yang tersedia luas dan aman sehingga membuat banyak spot foto instagramable!,5
"Pelayanannya buruk, wahana permainannya banyak yang tidak berfungsi tidak rekomended.",1
"Akses menuju lokasi parah, banyak sampah berserakan di mana-mana zonk.",2
"Fasilitas umumnya rusak, banyak sampah berserakan di mana-mana parah.",1
"Tempatnya sangat kotor, toiletnya bau dan tidak ada air kapok ke sini.",2
Wahana yang tersedia sangat seru dan edukatif sehingga membuat fasilitas ibadahnya lengkap mantap.,5
"Tempatnya sebenarnya bagus, hanya saja suasananya terlalu panas lumayan.",3
Lokasi liburannya sangat bersih sehingga membuat bikin betah berlama-lama banget.,5
Tempat wisata ini sangat indah mempesona serta bikin betah berlama-lama mantap.,4
Wahana yang tersedia sangat bersih bahkan fasilitas ibadahnya lengkap bgt.,4
"Fasilitasnya standar, namun harga makanan agak mahal standar.",3
"Tempat wisata ini sangat bersih, petugasnya sangat ramah mantap.",5
"Akses menuju lokasi parah, toiletnya bau dan tidak ada air kapok ke sini.",2
"Fasilitasnya standar, namun kurang terawat di beberapa sudut cukup lah.",3
Tempat wisata ini sangat seru dan edukatif dan banyak spot foto instagramable recommended.,5
Taman di area ini ramah untuk anak-anak sehingga membuat bikin betah berlama-lama mantap.,4
Tempat wisata ini sangat bersih dan banyak spot foto instagramable!,4
"Area wisatanya sangat indah mempesona, banyak spot foto instagramable mantap.",5
"Pelayanannya buruk, petugasnya cuek dan tidak ramah parah.",1
"Fasilitas di tempat ini sangat terawat, banyak spot foto instagramable!",5
"Tempatnya sangat kotor, harga tiket terlalu mahal tidak masuk akal kapok ke sini.",2
"Pemandangannya cukup indah, tapi antrean tiketnya lumayan panjang tapi perlu perbaikan.",3
Wahana yang tersedia sangat terawat bahkan harganya ramah di kantong bgt.,5
"Taman di area ini sangat indah mempesona, manajemen antreannya rapi mantap.",5
"Fasilitas di tempat ini sangat terawat, petugasnya sangat ramah puas sekali.",5
"Pemandangan di sini sangat seru dan edukatif, manajemen antreannya rapi mantap.",5
Pemandangan di sini sangat seru dan edukatif serta fasilitas ibadahnya lengkap bgt.,4
"Akses menuju lokasi parah, wahana permainannya banyak yang tidak berfungsi parah.",1
"Fasilitas umumnya rusak, banyak pungli yang meresahkan pengunjung buruk sekali.",1
"Secara keseluruhan lumayan, namun kurang terawat di beberapa sudut.",3
"Fasilitas umumnya rusak, harga tiket terlalu mahal tidak masuk akal kapok ke sini.",1
"Akses menuju lokasi parah, petugasnya cuek dan tidak ramah zonk.",2
"Tempatnya sangat kotor, jalannya rusak parah dan berlubang!",2
"Akses menuju lokasi parah, sangat pengap dan berdesakan kecewa berat.",2
"Wahana yang tersedia tertata dengan rapi, fasilitas ibadahnya lengkap mantap.",4
"Tempatnya sebenarnya bagus, hanya saja suasananya terlalu panas biasa aja.",3
"Tempat wisata ini sangat seru dan edukatif, banyak spot foto instagramable banget.",5
"Fasilitasnya standar, tapi antrean tiketnya lumayan panjang lumayan.",3
"Akses menuju lokasi parah, harga tiket terlalu mahal tidak masuk akal kecewa berat.",2
"Pemandangannya cukup indah, tapi antrean tiketnya lumayan panjang cukup lah.",3
Area wisatanya tertata dengan rapi serta banyak spot foto instagramable recommended.,4
"Area wisatanya ramah untuk anak-anak, petugasnya sangat ramah!",4
Fasilitas di tempat ini sangat terawat dan harganya ramah di kantong puas sekali.,5
"Fasilitas di tempat ini sangat indah mempesona, akses jalannya mudah mantap.",5
Fasilitas di tempat ini ramah untuk anak-anak sehingga membuat cocok untuk keluarga besar recommended.,5
Lokasi liburannya sangat seru dan edukatif dan banyak spot foto instagramable mantap.,5
"Area wisatanya sangat indah mempesona, bikin betah berlama-lama top.",4
"Taman di area ini luas dan aman, bikin betah berlama-lama top.",4
Fasilitas di tempat ini tertata dengan rapi serta manajemen antreannya rapi top.,5
Fasilitas di tempat ini tertata dengan rapi dan harganya ramah di kantong!,4
"Secara keseluruhan lumayan, tapi bersiaplah lelah berjalan kaki lumayan.",3
"Sangat kecewa, harga tiket terlalu mahal tidak masuk akal!",1
"Tempatnya sebenarnya bagus, tapi bersiaplah lelah berjalan kaki biasa aja.",3
"Harga tiketnya biasa saja, tapi antrean tiketnya lumayan panjang ok.",3
"Sangat kecewa, toiletnya bau dan tidak ada air parah.",2
"Sangat kecewa, jalannya rusak parah dan berlubang kecewa berat.",2
"Tempatnya sebenarnya bagus, hanya saja suasananya terlalu panas standar.",3
"Pemandangannya cukup indah, hanya saja suasananya terlalu panas.",3
"Akses menuju lokasi parah, banyak sampah berserakan di mana-mana kapok ke sini.",2
"Pemandangan di sini sangat seru dan edukatif, banyak spot foto instagramable bgt.",5
Pemandangan di sini luas dan aman dan fasilitas ibadahnya lengkap top.,4
"Tempat wisata ini ramah untuk anak-anak, bikin betah berlama-lama!",4
Fasilitas di tempat ini sangat bersih bahkan harganya ramah di kantong!,5
"Taman di area ini sangat bersih, cocok untuk keluarga besar puas sekali.",4
Tempat wisata ini ramah untuk anak-anak bahkan petugasnya sangat ramah mantap.,4
Wahana yang tersedia luas dan aman sehingga membuat bikin betah berlama-lama mantap.,5
"Pemandangan di sini sangat bersih, harganya ramah di kantong banget.",5
"Tempatnya sebenarnya bagus, hanya saja tempat parkir cepat penuh biasa aja.",3
"Fasilitas umumnya rusak, toiletnya bau dan tidak ada air kecewa berat.",1
"Area wisatanya sangat indah mempesona, fasilitas ibadahnya lengkap puas sekali.",5
"Fasilitas di tempat ini sangat sejuk dan asri, harganya ramah di kantong mantap.",4
Taman di area ini ramah untuk anak-anak sehingga membuat manajemen antreannya rapi recommended.,5
"Tempat wisata ini ramah untuk anak-anak, manajemen antreannya rapi wajib dicoba.",5
Wahana yang tersedia ramah untuk anak-anak sehingga membuat cocok untuk keluarga besar puas sekali.,5
Taman di area ini sangat bersih sehingga membuat harganya ramah di kantong!,4
Fasilitas di tempat ini sangat seru dan edukatif dan akses jalannya mudah puas sekali.,5
Wahana yang tersedia sangat sejuk dan asri bahkan banyak spot foto instagramable banget.,4
Tempat wisata ini sangat bersih bahkan banyak spot foto instagramable mantap.,5
"Pelayanannya buruk, sangat pengap dan berdesakan buruk sekali.",1
Fasilitas di tempat ini sangat terawat dan banyak spot foto instagramable mantap.,5
"Destinasi wisata alam ini tertata dengan rapi, akses jalannya mudah!",4
"Harga tiketnya biasa saja, tapi pilihan kulinernya sedikit cukup lah.",3
"Fasilitas umumnya rusak, petugasnya cuek dan tidak ramah kecewa berat.",1
Destinasi wisata alam ini sangat bersih dan fasilitas ibadahnya lengkap top.,5
"Wahana yang tersedia ramah untuk anak-anak, harganya ramah di kantong top.",4
"Fasilitas di tempat ini tertata dengan rapi, bikin betah berlama-lama top.",4
"Destinasi wisata alam ini sangat sejuk dan asri, banyak spot foto instagramable mantap.",5
Wahana yang tersedia luas dan aman dan cocok untuk keluarga besar recommended.,5
"Fasilitas di tempat ini luas dan aman, akses jalannya mudah banget.",5
"Secara keseluruhan lumayan, tapi akses jalan agak macet tapi perlu perbaikan.",3
"Akses menuju lokasi parah, toiletnya bau dan tidak ada air parah.",1
"Pelayanannya buruk, sangat pengap dan berdesakan kapok ke sini.",1
Tempat wisata ini sangat sejuk dan asri dan cocok untuk keluarga besar top.,5
"Akses menuju lokasi parah, banyak pungli yang meresahkan pengunjung kecewa berat.",2
"Tempatnya sangat kotor, wahana permainannya banyak yang tidak berfungsi parah.",2
"Tempat wisata ini sangat indah mempesona, bikin betah berlama-lama top.",4
Area wisatanya sangat seru dan edukatif sehingga membuat harganya ramah di kantong wajib dicoba.,5
"Fasilitasnya standar, tapi bersiaplah lelah berjalan kaki lumayan.",3
"Harga tiketnya biasa saja, hanya saja suasananya terlalu panas tapi perlu perbaikan.",3
Destinasi wisata alam ini luas dan aman dan cocok untuk keluarga besar wajib dicoba.,5
"Tempatnya sebenarnya bagus, namun harga makanan agak mahal.",3
Fasilitas di tempat ini sangat terawat sehingga membuat akses jalannya mudah puas sekali.,4
"Fasilitasnya standar, tapi pilihan kulinernya sedikit ok.",3
"Sangat kecewa, harga tiket terlalu mahal tidak masuk akal zonk.",2
"Fasilitas di tempat ini sangat seru dan edukatif, bikin betah berlama-lama banget.",5
"Tempatnya sebenarnya bagus, tapi bersiaplah lelah berjalan kaki.",3
"Tempatnya sangat kotor, banyak pungli yang meresahkan pengunjung!",2
"Tempatnya sangat kotor, banyak sampah berserakan di mana-mana buruk sekali.",1
"Taman di area ini sangat indah mempesona, cocok untuk keluarga besar banget.",4
Taman di area ini sangat seru dan edukatif sehingga membuat manajemen antreannya rapi recommended.,5
"Pemandangannya cukup indah, hanya saja tempat parkir cepat penuh cukup lah.",3
"Pemandangan di sini sangat sejuk dan asri, bikin betah berlama-lama top.",4
Lokasi liburannya tertata dengan rapi dan petugasnya sangat ramah recommended.,4
"Wahana yang tersedia luas dan aman, manajemen antreannya rapi banget.",4
"Akses menuju lokasi parah, sangat pengap dan berdesakan parah.",2
Pemandangan di sini sangat indah mempesona bahkan petugasnya sangat ramah mantap.,5
"Lokasi liburannya tertata dengan rapi, manajemen antreannya rapi bgt.",4
Tempat wisata ini sangat indah mempesona serta fasilitas ibadahnya lengkap mantap.,5
Fasilitas di tempat ini sangat seru dan edukatif bahkan manajemen antreannya rapi mantap.,5
Pemandangan di sini sangat indah mempesona sehingga membuat petugasnya sangat ramah banget.,4
"Fasilitas di tempat ini luas dan aman, akses jalannya mudah mantap.",4
"Pemandangannya cukup indah, tapi pilihan kulinernya sedikit standar.",3
"Wahana yang tersedia sangat terawat, manajemen antreannya rapi puas sekali.",5
"Pelayanannya buruk, jalannya rusak parah dan berlubang parah.",2
"Pelayanannya buruk, toiletnya bau dan tidak ada air parah.",1
Pemandangan di sini sangat terawat sehingga membuat manajemen antreannya rapi wajib dicoba.,4
"Akses menuju lokasi parah, wahana permainannya banyak yang tidak berfungsi buruk sekali.",2
"Harga tiketnya biasa saja, hanya saja suasananya terlalu panas.",3
"Area wisatanya luas dan aman, bikin betah berlama-lama mantap.",5
"Pelayanannya buruk, harga tiket terlalu mahal tidak masuk akal!",1
"Area wisatanya ramah untuk anak-anak, harganya ramah di kantong banget.",5
Area wisatanya luas dan aman sehingga membuat petugasnya sangat ramah!,5
"Taman di area ini sangat indah mempesona, fasilitas ibadahnya lengkap mantap.",4
"Taman di area ini ramah untuk anak-anak, harganya ramah di kantong!",4
"Area wisatanya ramah untuk anak-anak, fasilitas ibadahnya lengkap!",4
Fasilitas di tempat ini ramah untuk anak-anak bahkan harganya ramah di kantong mantap.,5
"Fasilitas umumnya rusak, jalannya rusak parah dan berlubang tidak rekomended.",1
Lokasi liburannya luas dan aman serta manajemen antreannya rapi bgt.,5
Taman di area ini sangat sejuk dan asri sehingga membuat banyak spot foto instagramable wajib dicoba.,5
Pemandangan di sini luas dan aman dan banyak spot foto instagramable top.,5
"Pelayanannya buruk, harga tiket terlalu mahal tidak masuk akal zonk.",1
"Pemandangan di sini sangat bersih, bikin betah berlama-lama banget.",4
"Sangat kecewa, banyak pungli yang meresahkan pengunjung tidak rekomended.",2
Taman di area ini sangat terawat sehingga membuat petugasnya sangat ramah bgt.,5
"Pemandangannya cukup indah, tapi bersiaplah lelah berjalan kaki cukup lah.",3
Tempat wisata ini sangat terawat dan manajemen antreannya rapi recommended.,4
Lokasi liburannya tertata dengan rapi bahkan manajemen antreannya rapi!,5
"Secara keseluruhan lumayan, namun harga makanan agak mahal.",3
Destinasi wisata alam ini ramah untuk anak-anak sehingga membuat bikin betah berlama-lama banget.,5
"Akses menuju lokasi parah, banyak pungli yang meresahkan pengunjung kapok ke sini.",2
Area wisatanya tertata dengan rapi dan petugasnya sangat ramah!,4
"Destinasi wisata alam ini sangat indah mempesona, manajemen antreannya rapi mantap.",4
"Taman di area ini sangat terawat, cocok untuk keluarga besar bgt.",4
Wahana yang tersedia luas dan aman dan bikin betah berlama-lama banget.,4
"Fasilitas di tempat ini luas dan aman, manajemen antreannya rapi puas sekali.",4
"Tempat wisata ini tertata dengan rapi, bikin betah berlama-lama puas sekali.",5
"Pemandangannya cukup indah, tapi pilihan kulinernya sedikit ok.",3
"Secara keseluruhan lumayan, tapi bersiaplah lelah berjalan kaki ok.",3
"Pemandangannya cukup indah, tapi bersiaplah lelah berjalan kaki lumayan.",3
"Fasilitas di tempat ini sangat terawat, harganya ramah di kantong recommended.",5
"Wahana yang tersedia sangat bersih, bikin betah berlama-lama top.",4
"Harga tiketnya biasa saja, tapi akses jalan agak macet cukup lah.",3
"Sangat kecewa, banyak pungli yang meresahkan pengunjung!",2
"Sangat kecewa, petugasnya cuek dan tidak ramah parah.",2
"Fasilitas umumnya rusak, sangat pengap dan berdesakan buruk sekali.",2
"Pelayanannya buruk, harga tiket terlalu mahal tidak masuk akal kapok ke sini.",2
"Area wisatanya luas dan aman, harganya ramah di kantong bgt.",4
"Tempat wisata ini sangat bersih, banyak spot foto instagramable wajib dicoba.",5
"Destinasi wisata alam ini tertata dengan rapi, manajemen antreannya rapi bgt.",5
"Sangat kecewa, harga tiket terlalu mahal tidak masuk akal parah.",1
"Harga tiketnya biasa saja, tapi akses jalan agak macet ok.",3
"Destinasi wisata alam ini sangat indah mempesona, manajemen antreannya rapi puas sekali.",5
Taman di area ini sangat sejuk dan asri sehingga membuat cocok untuk keluarga besar top.,4
Area wisatanya luas dan aman sehingga membuat akses jalannya mudah bgt.,5
"Sangat kecewa, petugasnya cuek dan tidak ramah kapok ke sini.",2
"Sangat kecewa, petugasnya cuek dan tidak ramah!",1
"Fasilitas umumnya rusak, wahana permainannya banyak yang tidak berfungsi buruk sekali.",1
"Akses menuju lokasi parah, sangat pengap dan berdesakan zonk.",1
"Tempat wisata ini sangat sejuk dan asri, banyak spot foto instagramable bgt.",5
Tempat wisata ini sangat sejuk dan asri serta petugasnya sangat ramah banget.,5
"Harga tiketnya biasa saja, tapi pilihan kulinernya sedikit.",3
"Wahana yang tersedia luas dan aman, petugasnya sangat ramah mantap.",5
"Sangat kecewa, jalannya rusak parah dan berlubang!",1
"Area wisatanya sangat seru dan edukatif, petugasnya sangat ramah mantap.",5
Pemandangan di sini luas dan aman sehingga membuat bikin betah berlama-lama top.,4
Lokasi liburannya sangat sejuk dan asri serta petugasnya sangat ramah!,4
"Tempatnya sangat kotor, jalannya rusak parah dan berlubang zonk.",2
"Destinasi wisata alam ini sangat seru dan edukatif, akses jalannya mudah puas sekali.",4
"Pemandangannya cukup indah, tapi pilihan kulinernya sedikit lumayan.",3
"Area wisatanya luas dan aman, akses jalannya mudah puas sekali.",5
"Tempatnya sangat kotor, sangat pengap dan berdesakan zonk.",2
Destinasi wisata alam ini ramah untuk anak-anak dan manajemen antreannya rapi puas sekali.,5
Tempat wisata ini sangat seru dan edukatif serta petugasnya sangat ramah banget.,4
"Area wisatanya sangat indah mempesona, manajemen antreannya rapi recommended.",5
"Harga tiketnya biasa saja, namun harga makanan agak mahal biasa aja.",3
Wahana yang tersedia sangat terawat bahkan fasilitas ibadahnya lengkap wajib dicoba.,5
"Fasilitas di tempat ini sangat indah mempesona, petugasnya sangat ramah!",5
"Fasilitas umumnya rusak, wahana permainannya banyak yang tidak berfungsi zonk.",2
"Destinasi wisata alam ini sangat sejuk dan asri, harganya ramah di kantong banget.",4
"Pemandangannya cukup indah, tapi pilihan kulinernya sedikit.",3
Taman di area ini luas dan aman serta bikin betah berlama-lama mantap.,5
"Fasilitas umumnya rusak, harga tiket terlalu mahal tidak masuk akal!",1
"Pemandangan di sini sangat sejuk dan asri, akses jalannya mudah puas sekali.",5
"Pemandangan di sini sangat terawat, petugasnya sangat ramah bgt.",5
"Tempatnya sebenarnya bagus, tapi bersiaplah lelah berjalan kaki cukup lah.",3
"Tempatnya sangat kotor, banyak pungli yang meresahkan pengunjung tidak rekomended.",1
"Pelayanannya buruk, wahana permainannya banyak yang tidak berfungsi kecewa berat.",2
Area wisatanya tertata dengan rapi bahkan fasilitas ibadahnya lengkap puas sekali.,5
"Pemandangan di sini sangat sejuk dan asri, petugasnya sangat ramah puas sekali.",5
"Pemandangan di sini sangat sejuk dan asri, banyak spot foto instagramable top.",4
Wahana yang tersedia sangat bersih serta harganya ramah di kantong bgt.,5
"Taman di area ini sangat sejuk dan asri, akses jalannya mudah puas sekali.",4
Tempat wisata ini sangat seru dan edukatif serta bikin betah berlama-lama top.,5
"Taman di area ini sangat seru dan edukatif, fasilitas ibadahnya lengkap puas sekali.",5
"Sangat kecewa, harga tiket terlalu mahal tidak masuk akal buruk sekali.",2
Taman di area ini sangat seru dan edukatif bahkan harganya ramah di kantong top.,5
Lokasi liburannya sangat bersih bahkan fasilitas ibadahnya lengkap top.,5
"Fasilitasnya standar, tapi pilihan kulinernya sedikit biasa aja.",3
"Secara keseluruhan lumayan, tapi antrean tiketnya lumayan panjang lumayan.",3
"Pemandangannya cukup indah, tapi pilihan kulinernya sedikit biasa aja.",3
"Wahana yang tersedia sangat terawat, akses jalannya mudah top.",5
"Pemandangan di sini sangat terawat, akses jalannya mudah recommended.",5
Taman di area ini sangat terawat sehingga membuat manajemen antreannya rapi top.,4
"Fasilitas di tempat ini sangat bersih, fasilitas ibadahnya lengkap top.",5
"Fasilitas umumnya rusak, jalannya rusak parah dan berlubang parah.",2
"Harga tiketnya biasa saja, hanya saja tempat parkir cepat penuh lumayan.",3
Area wisatanya sangat indah mempesona dan petugasnya sangat ramah banget.,5
"Destinasi wisata alam ini sangat indah mempesona, akses jalannya mudah banget.",5
Destinasi wisata alam ini sangat seru dan edukatif sehingga membuat akses jalannya mudah top.,5
"Lokasi liburannya sangat terawat, harganya ramah di kantong wajib dicoba.",5
"Pemandangannya cukup indah, namun harga makanan agak mahal tapi perlu perbaikan.",3
"Fasilitas di tempat ini sangat indah mempesona, banyak spot foto instagramable puas sekali.",4
"Pelayanannya buruk, sangat pengap dan berdesakan tidak rekomended.",2
Wahana yang tersedia sangat bersih serta akses jalannya mudah banget.,5
"Secara keseluruhan lumayan, hanya saja tempat parkir cepat penuh.",3
"Lokasi liburannya sangat sejuk dan asri, akses jalannya mudah top.",4
Lokasi liburannya sangat bersih bahkan manajemen antreannya rapi recommended.,5
"Sangat kecewa, sangat pengap dan berdesakan!",2
"Tempatnya sebenarnya bagus, tapi pilihan kulinernya sedikit ok.",3
Area wisatanya sangat sejuk dan asri dan akses jalannya mudah!,4
"Harga tiketnya biasa saja, tapi antrean tiketnya lumayan panjang lumayan.",3
"Fasilitas umumnya rusak, wahana permainannya banyak yang tidak berfungsi kecewa berat.",2
Pemandangan di sini sangat sejuk dan asri dan cocok untuk keluarga besar puas sekali.,5
"Harga tiketnya biasa saja, hanya saja suasananya terlalu panas biasa aja.",3
"Tempatnya sangat kotor, banyak sampah berserakan di mana-mana kecewa berat.",2
"Tempatnya sebenarnya bagus, tapi pilihan kulinernya sedikit tapi perlu perbaikan.",3
Destinasi wisata alam ini sangat sejuk dan asri serta petugasnya sangat ramah banget.,4
"Fasilitasnya standar, namun kurang terawat di beberapa sudut ok.",3
Taman di area ini sangat seru dan edukatif bahkan fasilitas ibadahnya lengkap banget.,4
Pemandangan di sini sangat terawat serta bikin betah berlama-lama!,4
"Area wisatanya sangat bersih, banyak spot foto instagramable wajib dicoba.",4
"Harga tiketnya biasa saja, namun harga makanan agak mahal standar.",3
"Sangat kecewa, banyak sampah berserakan di mana-mana zonk.",1
"Secara keseluruhan lumayan, tapi akses jalan agak macet standar.",3
"Area wisatanya sangat seru dan edukatif, cocok untuk keluarga besar top.",5
"Area wisatanya sangat sejuk dan asri, bikin betah berlama-lama puas sekali.",4
Fasilitas di tempat ini tertata dengan rapi dan fasilitas ibadahnya lengkap top.,4
"Tempatnya sebenarnya bagus, tapi akses jalan agak macet lumayan.",3
"Wahana yang tersedia sangat terawat, petugasnya sangat ramah recommended.",5
"Wahana yang tersedia sangat terawat, manajemen antreannya rapi mantap.",4
"Harga tiketnya biasa saja, tapi akses jalan agak macet standar.",3
"Taman di area ini sangat terawat, akses jalannya mudah top.",5
Area wisatanya sangat sejuk dan asri bahkan bikin betah berlama-lama top.,5
"Destinasi wisata alam ini sangat terawat, bikin betah berlama-lama recommended.",4
Taman di area ini sangat terawat serta petugasnya sangat ramah!,5
Pemandangan di sini sangat sejuk dan asri serta fasilitas ibadahnya lengkap top.,5
"Tempatnya sebenarnya bagus, hanya saja suasananya terlalu panas.",3
Pemandangan di sini sangat bersih dan manajemen antreannya rapi top.,5
"Sangat kecewa, jalannya rusak parah dan berlubang zonk.",1
Tempat wisata ini ramah untuk anak-anak dan bikin betah berlama-lama banget.,4
"Fasilitas umumnya rusak, toiletnya bau dan tidak ada air kapok ke sini.",2
"Tempatnya sebenarnya bagus, hanya saja tempat parkir cepat penuh tapi perlu perbaikan.",3
"Destinasi wisata alam ini sangat indah mempesona, petugasnya sangat ramah banget.",5
"Sangat kecewa, sangat pengap dan berdesakan buruk sekali.",1
Fasilitas di tempat ini sangat bersih sehingga membuat banyak spot foto instagramable wajib dicoba.,5
"Sangat kecewa, jalannya rusak parah dan berlubang buruk sekali.",1
"Tempatnya sangat kotor, jalannya rusak parah dan berlubang parah.",1
Destinasi wisata alam ini sangat bersih serta harganya ramah di kantong top.,5
"Harga tiketnya biasa saja, namun harga makanan agak mahal tapi perlu perbaikan.",3
Fasilitas di tempat ini sangat terawat serta banyak spot foto instagramable puas sekali.,4
"Fasilitas umumnya rusak, petugasnya cuek dan tidak ramah buruk sekali.",2
"Tempatnya sangat kotor, petugasnya cuek dan tidak ramah zonk.",2
"Lokasi liburannya sangat terawat, cocok untuk keluarga besar wajib dicoba.",4
Pemandangan di sini sangat indah mempesona dan bikin betah berlama-lama puas sekali.,4
Taman di area ini sangat seru dan edukatif bahkan akses jalannya mudah puas sekali.,5
"Harga tiketnya biasa saja, tapi pilihan kulinernya sedikit lumayan.",3
"Secara keseluruhan lumayan, hanya saja suasananya terlalu panas.",3
"Fasilitas umumnya rusak, harga tiket terlalu mahal tidak masuk akal buruk sekali.",2
"Akses menuju lokasi parah, wahana permainannya banyak yang tidak berfungsi!",2
Taman di area ini sangat terawat bahkan akses jalannya mudah puas sekali.,5
"Lokasi liburannya sangat indah mempesona, harganya ramah di kantong mantap.",4
"Taman di area ini ramah untuk anak-anak, banyak spot foto instagramable mantap.",5
"Harga tiketnya biasa saja, tapi antrean tiketnya lumayan panjang standar.",3
Fasilitas di tempat ini sangat indah mempesona serta harganya ramah di kantong top.,4
"Tempatnya sebenarnya bagus, tapi akses jalan agak macet.",3
"Fasilitasnya standar, hanya saja suasananya terlalu panas cukup lah.",3
"Harga tiketnya biasa saja, namun harga makanan agak mahal.",3
"Harga tiketnya biasa saja, tapi pilihan kulinernya sedikit ok.",3
"Fasilitas umumnya rusak, banyak sampah berserakan di mana-mana!",2
Taman di area ini ramah untuk anak-anak serta banyak spot foto instagramable puas sekali.,4
Fasilitas di tempat ini sangat indah mempesona bahkan fasilitas ibadahnya lengkap wajib dicoba.,4
Pemandangan di sini sangat terawat dan cocok untuk keluarga besar bgt.,5
Pemandangan di sini sangat bersih bahkan bikin betah berlama-lama bgt.,5
"Pemandangannya cukup indah, tapi akses jalan agak macet standar.",3
"Akses menuju lokasi parah, petugasnya cuek dan tidak ramah kecewa berat.",1
"Wahana yang tersedia sangat bersih, harganya ramah di kantong recommended.",4
"Tempat wisata ini sangat seru dan edukatif, manajemen antreannya rapi bgt.",5
Destinasi wisata alam ini ramah untuk anak-anak serta fasilitas ibadahnya lengkap bgt.,4
Tempat wisata ini ramah untuk anak-anak serta bikin betah berlama-lama recommended.,4
Taman di area ini tertata dengan rapi sehingga membuat bikin betah berlama-lama recommended.,5
Lokasi liburannya tertata dengan rapi dan harganya ramah di kantong!,4
"Tempat wisata ini sangat bersih, petugasnya sangat ramah banget.",5
Destinasi wisata alam ini sangat seru dan edukatif sehingga membuat manajemen antreannya rapi bgt.,4
Lokasi liburannya sangat terawat bahkan petugasnya sangat ramah puas sekali.,5
Tempat wisata ini sangat terawat serta cocok untuk keluarga besar recommended.,4
Tempat wisata ini sangat bersih dan bikin betah berlama-lama!,4
Fasilitas di tempat ini tertata dengan rapi bahkan banyak spot foto instagramable top.,4
"Sangat kecewa, wahana permainannya banyak yang tidak berfungsi parah.",1
"Akses menuju lokasi parah, toiletnya bau dan tidak ada air kecewa berat.",1
"Fasilitasnya standar, hanya saja suasananya terlalu panas lumayan.",3
"Tempat wisata ini luas dan aman, fasilitas ibadahnya lengkap recommended.",4
"Harga tiketnya biasa saja, tapi bersiaplah lelah berjalan kaki cukup lah.",3
"Akses menuju lokasi parah, wahana permainannya banyak yang tidak berfungsi kapok ke sini.",2
"Pemandangannya cukup indah, tapi akses jalan agak macet lumayan.",3
"Tempatnya sebenarnya bagus, tapi pilihan kulinernya sedikit.",3
"Destinasi wisata alam ini sangat bersih, cocok untuk keluarga besar banget.",4
Fasilitas di tempat ini sangat seru dan edukatif dan cocok untuk keluarga besar banget.,4
"Lokasi liburannya sangat indah mempesona, banyak spot foto instagramable top.",4
"Fasilitas di tempat ini sangat sejuk dan asri, akses jalannya mudah wajib dicoba.",5
"Lokasi liburannya sangat terawat, petugasnya sangat ramah wajib dicoba.",5
"Harga tiketnya biasa saja, hanya saja suasananya terlalu panas standar.",3
Pemandangan di sini tertata dengan rapi dan bikin betah berlama-lama recommended.,4
"Tempatnya sebenarnya bagus, tapi antrean tiketnya lumayan panjang tapi perlu perbaikan.",3
"Akses menuju lokasi parah, banyak pungli yang meresahkan pengunjung!",2
"Akses menuju lokasi parah, banyak sampah berserakan di mana-mana!",1
Fasilitas di tempat ini sangat seru dan edukatif dan fasilitas ibadahnya lengkap recommended.,4
"Pelayanannya buruk, toiletnya bau dan tidak ada air!",2
"Pemandangan di sini sangat seru dan edukatif, bikin betah berlama-lama puas sekali.",5
"Tempat wisata ini tertata dengan rapi, harganya ramah di kantong bgt.",4
Destinasi wisata alam ini sangat seru dan edukatif serta harganya ramah di kantong recommended.,4
"Tempatnya sangat kotor, harga tiket terlalu mahal tidak masuk akal!",1
Lokasi liburannya sangat terawat sehingga membuat bikin betah berlama-lama bgt.,5
"Destinasi wisata alam ini sangat seru dan edukatif, manajemen antreannya rapi!",5
"Tempatnya sebenarnya bagus, hanya saja tempat parkir cepat penuh lumayan.",3
"Tempat wisata ini luas dan aman, akses jalannya mudah banget.",4
"Sangat kecewa, wahana permainannya banyak yang tidak berfungsi kapok ke sini.",1
Wahana yang tersedia tertata dengan rapi serta akses jalannya mudah!,5
Destinasi wisata alam ini sangat indah mempesona serta petugasnya sangat ramah wajib dicoba.,5
"Tempat wisata ini sangat terawat, petugasnya sangat ramah!",5
Lokasi liburannya sangat terawat bahkan manajemen antreannya rapi puas sekali.,5
"Area wisatanya sangat terawat, fasilitas ibadahnya lengkap bgt.",5
"Pemandangannya cukup indah, namun kurang terawat di beberapa sudut cukup lah.",3
"Akses menuju lokasi parah, harga tiket terlalu mahal tidak masuk akal!",2
"Fasilitas umumnya rusak, banyak pungli yang meresahkan pengunjung kapok ke sini.",2
Fasilitas di tempat ini sangat terawat sehingga membuat manajemen antreannya rapi puas sekali.,4
Fasilitas di tempat ini sangat bersih serta petugasnya sangat ramah mantap.,5
"Fasilitasnya standar, namun harga makanan agak mahal.",3
Area wisatanya sangat terawat sehingga membuat bikin betah berlama-lama puas sekali.,5
Area wisatanya sangat indah mempesona serta cocok untuk keluarga besar recommended.,5
"Fasilitas di tempat ini sangat seru dan edukatif, petugasnya sangat ramah mantap.",4
Taman di area ini ramah untuk anak-anak dan harganya ramah di kantong puas sekali.,5
Pemandangan di sini sangat sejuk dan asri sehingga membuat akses jalannya mudah wajib dicoba.,5
"Taman di area ini sangat seru dan edukatif, petugasnya sangat ramah!",4
"Destinasi wisata alam ini sangat indah mempesona, fasilitas ibadahnya lengkap recommended.",5
"Pemandangan di sini luas dan aman, bikin betah berlama-lama bgt.",4
"Fasilitasnya standar, tapi antrean tiketnya lumayan panjang ok.",3
"Tempatnya sebenarnya bagus, tapi bersiaplah lelah berjalan kaki ok.",3
Wahana yang tersedia sangat seru dan edukatif sehingga membuat cocok untuk keluarga besar recommended.,5
Lokasi liburannya ramah untuk anak-anak dan banyak spot foto instagramable!,4
"Wahana yang tersedia tertata dengan rapi, harganya ramah di kantong bgt.",5
"Akses menuju lokasi parah, banyak pungli yang meresahkan pengunjung parah.",1
Wahana yang tersedia tertata dengan rapi serta manajemen antreannya rapi wajib dicoba.,4
"Fasilitas umumnya rusak, banyak sampah berserakan di mana-mana zonk.",2
"Pelayanannya buruk, wahana permainannya banyak yang tidak berfungsi buruk sekali.",2
Lokasi liburannya luas dan aman serta banyak spot foto instagramable top.,4
"Pemandangan di sini sangat terawat, banyak spot foto instagramable recommended.",5
"Fasilitasnya standar, namun kurang terawat di beberapa sudut tapi perlu perbaikan.",3
Wahana yang tersedia sangat terawat bahkan cocok untuk keluarga besar puas sekali.,5
Tempat wisata ini ramah untuk anak-anak serta petugasnya sangat ramah mantap.,5
"Fasilitasnya standar, tapi bersiaplah lelah berjalan kaki.",3
"Area wisatanya sangat seru dan edukatif, akses jalannya mudah top.",5
"Area wisatanya ramah untuk anak-anak, petugasnya sangat ramah bgt.",5
Taman di area ini sangat indah mempesona dan petugasnya sangat ramah wajib dicoba.,5
"Tempatnya sangat kotor, sangat pengap dan berdesakan buruk sekali.",2
Destinasi wisata alam ini sangat seru dan edukatif serta banyak spot foto instagramable wajib dicoba.,5
"Harga tiketnya biasa saja, hanya saja tempat parkir cepat penuh biasa aja.",3
"Fasilitas di tempat ini sangat bersih, manajemen antreannya rapi banget.",5
Pemandangan di sini sangat bersih bahkan harganya ramah di kantong!,4
Destinasi wisata alam ini sangat terawat sehingga membuat petugasnya sangat ramah top.,5
"Tempat wisata ini luas dan aman, harganya ramah di kantong mantap.",4
"Tempat wisata ini sangat indah mempesona, fasilitas ibadahnya lengkap bgt.",4
"Sangat kecewa, banyak pungli yang meresahkan pengunjung zonk.",2
Taman di area ini ramah untuk anak-anak dan harganya ramah di kantong recommended.,5
"Fasilitas umumnya rusak, banyak sampah berserakan di mana-mana tidak rekomended.",2
"Pemandangan di sini ramah untuk anak-anak, akses jalannya mudah!",5
"Taman di area ini luas dan aman, akses jalannya mudah mantap.",5
Fasilitas di tempat ini sangat indah mempesona dan akses jalannya mudah mantap.,4
"Tempatnya sebenarnya bagus, hanya saja suasananya terlalu panas ok.",3
Destinasi wisata alam ini tertata dengan rapi sehingga membuat bikin betah berlama-lama top.,4
"Destinasi wisata alam ini sangat bersih, cocok untuk keluarga besar recommended.",4
Wahana yang tersedia luas dan aman dan bikin betah berlama-lama top.,4
"Tempatnya sebenarnya bagus, namun kurang terawat di beberapa sudut tapi perlu perbaikan.",3
"Fasilitasnya standar, hanya saja suasananya terlalu panas biasa aja.",3
Fasilitas di tempat ini ramah untuk anak-anak bahkan petugasnya sangat ramah!,4
"Akses menuju lokasi parah, banyak sampah berserakan di mana-mana kecewa berat.",2
"Tempat wisata ini sangat sejuk dan asri, banyak spot foto instagramable recommended.",5
"Lokasi liburannya sangat bersih, bikin betah berlama-lama puas sekali.",5
"Pemandangannya cukup indah, tapi akses jalan agak macet tapi perlu perbaikan.",3
Wahana yang tersedia sangat sejuk dan asri bahkan banyak spot foto instagramable wajib dicoba.,4
"Tempatnya sangat kotor, harga tiket terlalu mahal tidak masuk akal zonk.",2
"Fasilitasnya standar, tapi bersiaplah lelah berjalan kaki biasa aja.",3
Pemandangan di sini sangat sejuk dan asri sehingga membuat harganya ramah di kantong top.,5
Tempat wisata ini sangat terawat sehingga membuat akses jalannya mudah bgt.,5
"Pemandangan di sini sangat sejuk dan asri, cocok untuk keluarga besar puas sekali.",5
Fasilitas di tempat ini sangat seru dan edukatif bahkan banyak spot foto instagramable!,5
"Akses menuju lokasi parah, harga tiket terlalu mahal tidak masuk akal parah.",1
"Tempat wisata ini luas dan aman, harganya ramah di kantong puas sekali.",5
Taman di area ini luas dan aman sehingga membuat harganya ramah di kantong banget.,5
"Tempat wisata ini sangat terawat, harganya ramah di kantong wajib dicoba.",5
"Pemandangannya cukup indah, hanya saja tempat parkir cepat penuh lumayan.",3
"Pelayanannya buruk, banyak sampah berserakan di mana-mana kapok ke sini.",2
"Lokasi liburannya sangat terawat, petugasnya sangat ramah puas sekali.",4
"Secara keseluruhan lumayan, tapi akses jalan agak macet.",3
"Fasilitas umumnya rusak, banyak sampah berserakan di mana-mana kapok ke sini.",2
Lokasi liburannya luas dan aman serta harganya ramah di kantong top.,5
"Lokasi liburannya luas dan aman, akses jalannya mudah mantap.",5
"Fasilitas di tempat ini ramah untuk anak-anak, fasilitas ibadahnya lengkap puas sekali.",4
"Wahana yang tersedia luas dan aman, bikin betah berlama-lama recommended.",4
Pemandangan di sini sangat seru dan edukatif bahkan petugasnya sangat ramah top.,5
"Lokasi liburannya tertata dengan rapi, petugasnya sangat ramah puas sekali.",4
"Akses menuju lokasi parah, banyak sampah berserakan di mana-mana parah.",2
"Wahana yang tersedia sangat indah mempesona, petugasnya sangat ramah!",5
Taman di area ini sangat indah mempesona serta manajemen antreannya rapi banget.,4
Taman di area ini sangat bersih dan fasilitas ibadahnya lengkap bgt.,5
"Destinasi wisata alam ini tertata dengan rapi, manajemen antreannya rapi banget.",5
"Pelayanannya buruk, harga tiket terlalu mahal tidak masuk akal parah.",1
Fasilitas di tempat ini luas dan aman bahkan akses jalannya mudah bgt.,5
"Wahana yang tersedia tertata dengan rapi, manajemen antreannya rapi mantap.",5
Pemandangan di sini sangat terawat bahkan manajemen antreannya rapi bgt.,5
"Area wisatanya sangat sejuk dan asri, harganya ramah di kantong puas sekali.",5
"Akses menuju lokasi parah, jalannya rusak parah dan berlubang parah.",2
Destinasi wisata alam ini sangat bersih sehingga membuat banyak spot foto instagramable puas sekali.,4
"Pemandangan di sini sangat bersih, cocok untuk keluarga besar mantap.",5
Fasilitas di tempat ini luas dan aman bahkan banyak spot foto instagramable wajib dicoba.,4
"Pelayanannya buruk, harga tiket terlalu mahal tidak masuk akal kecewa berat.",1
"Tempatnya sebenarnya bagus, namun harga makanan agak mahal tapi perlu perbaikan.",3
Tempat wisata ini ramah untuk anak-anak bahkan akses jalannya mudah bgt.,5
"Fasilitas di tempat ini luas dan aman, bikin betah berlama-lama!",5
"Pemandangan di sini sangat indah mempesona, fasilitas ibadahnya lengkap bgt.",4
"Tempat wisata ini ramah untuk anak-anak, petugasnya sangat ramah banget.",5
"Pemandangan di sini sangat bersih, fasilitas ibadahnya lengkap recommended.",5
"Pemandangan di sini sangat indah mempesona, banyak spot foto instagramable bgt.",4
"Akses menuju lokasi parah, jalannya rusak parah dan berlubang!",1
Destinasi wisata alam ini sangat indah mempesona bahkan banyak spot foto instagramable banget.,4
"Destinasi wisata alam ini sangat bersih, bikin betah berlama-lama banget.",4
Fasilitas di tempat ini luas dan aman bahkan cocok untuk keluarga besar puas sekali.,5
"Fasilitasnya standar, hanya saja suasananya terlalu panas.",3
Area wisatanya sangat indah mempesona serta harganya ramah di kantong recommended.,4
"Taman di area ini sangat terawat, fasilitas ibadahnya lengkap bgt.",5
Pemandangan di sini luas dan aman dan cocok untuk keluarga besar banget.,5
"Destinasi wisata alam ini sangat sejuk dan asri, petugasnya sangat ramah recommended.",4
"Fasilitas di tempat ini luas dan aman, manajemen antreannya rapi mantap.",5
Fasilitas di tempat ini tertata dengan rapi serta fasilitas ibadahnya lengkap banget.,5
"Fasilitas di tempat ini sangat terawat, harganya ramah di kantong puas sekali.",4
"Fasilitasnya standar, hanya saja suasananya terlalu panas tapi perlu perbaikan.",3
"Sangat kecewa, sangat pengap dan berdesakan tidak rekomended.",2
"Tempatnya sangat kotor, harga tiket terlalu mahal tidak masuk akal kecewa berat.",1
"Tempatnya sebenarnya bagus, tapi akses jalan agak macet biasa aja.",3
"Pemandangan di sini sangat sejuk dan asri, manajemen antreannya rapi banget.",5
"Fasilitas umumnya rusak, petugasnya cuek dan tidak ramah kapok ke sini.",1
"Area wisatanya luas dan aman, manajemen antreannya rapi bgt.",4
"Destinasi wisata alam ini luas dan aman, harganya ramah di kantong top.",5
"Secara keseluruhan lumayan, tapi pilihan kulinernya sedikit lumayan.",3
Area wisatanya sangat bersih sehingga membuat petugasnya sangat ramah banget.,5
"Wahana yang tersedia luas dan aman, manajemen antreannya rapi mantap.",5
Area wisatanya sangat bersih serta manajemen antreannya rapi top.,5
"Tempatnya sebenarnya bagus, tapi antrean tiketnya lumayan panjang standar.",3
"Fasilitas umumnya rusak, toiletnya bau dan tidak ada air!",1
"Sangat kecewa, jalannya rusak parah dan berlubang tidak rekomended.",1
"Sangat kecewa, toiletnya bau dan tidak ada air buruk sekali.",2
Lokasi liburannya sangat terawat dan harganya ramah di kantong top.,5
"Pelayanannya buruk, toiletnya bau dan tidak ada air buruk sekali.",1
"Pemandangannya cukup indah, namun harga makanan agak mahal ok.",3
"Secara keseluruhan lumayan, hanya saja tempat parkir cepat penuh lumayan.",3
"Pemandangannya cukup indah, namun harga makanan agak mahal.",3
"Fasilitas umumnya rusak, banyak sampah berserakan di mana-mana buruk sekali.",1
"Taman di area ini tertata dengan rapi, banyak spot foto instagramable recommended.",4
"Tempatnya sebenarnya bagus, hanya saja suasananya terlalu panas tapi perlu perbaikan.",3
"Fasilitas di tempat ini sangat bersih, manajemen antreannya rapi recommended.",5
"Fasilitas di tempat ini sangat bersih, manajemen antreannya rapi top.",5
"Akses menuju lokasi parah, sangat pengap dan berdesakan tidak rekomended.",1
"Lokasi liburannya ramah untuk anak-anak, fasilitas ibadahnya lengkap bgt.",5
"Taman di area ini sangat sejuk dan asri, akses jalannya mudah top.",4
"Akses menuju lokasi parah, sangat pengap dan berdesakan buruk sekali.",1
Destinasi wisata alam ini ramah untuk anak-anak dan petugasnya sangat ramah mantap.,5
"Pelayanannya buruk, banyak pungli yang meresahkan pengunjung zonk.",1
Fasilitas di tempat ini luas dan aman bahkan harganya ramah di kantong puas sekali.,4
"Sangat kecewa, jalannya rusak parah dan berlubang parah.",1
"Harga tiketnya biasa saja, tapi antrean tiketnya lumayan panjang.",3
"Secara keseluruhan lumayan, tapi pilihan kulinernya sedikit ok.",3
"Fasilitas di tempat ini sangat indah mempesona, bikin betah berlama-lama banget.",5
"Tempat wisata ini sangat sejuk dan asri, petugasnya sangat ramah banget.",5
"Fasilitasnya standar, tapi bersiaplah lelah berjalan kaki standar.",3
Lokasi liburannya sangat indah mempesona dan harganya ramah di kantong puas sekali.,5
Pemandangan di sini luas dan aman dan manajemen antreannya rapi!,5
"Akses menuju lokasi parah, harga tiket terlalu mahal tidak masuk akal zonk.",2
Destinasi wisata alam ini sangat sejuk dan asri sehingga membuat cocok untuk keluarga besar mantap.,4
"Secara keseluruhan lumayan, tapi antrean tiketnya lumayan panjang cukup lah.",3
"Pemandangannya cukup indah, tapi bersiaplah lelah berjalan kaki biasa aja.",3
"Taman di area ini tertata dengan rapi, banyak spot foto instagramable!",4
"Harga tiketnya biasa saja, tapi antrean tiketnya lumayan panjang cukup lah.",3
"Fasilitas umumnya rusak, wahana permainannya banyak yang tidak berfungsi kapok ke sini.",1
"Pemandangan di sini sangat seru dan edukatif, akses jalannya mudah recommended.",4
"Pemandangannya cukup indah, hanya saja tempat parkir cepat penuh biasa aja.",3
"Area wisatanya sangat bersih, petugasnya sangat ramah banget.",4
"Secara keseluruhan lumayan, hanya saja suasananya terlalu panas tapi perlu perbaikan.",3
Lokasi liburannya sangat terawat dan manajemen antreannya rapi top.,5
"Akses menuju lokasi parah, jalannya rusak parah dan berlubang zonk.",2
Area wisatanya ramah untuk anak-anak bahkan banyak spot foto instagramable recommended.,4
"Taman di area ini sangat indah mempesona, akses jalannya mudah!",4
"Taman di area ini sangat indah mempesona, manajemen antreannya rapi puas sekali.",4
Destinasi wisata alam ini sangat seru dan edukatif bahkan manajemen antreannya rapi recommended.,5
"Fasilitas umumnya rusak, banyak pungli yang meresahkan pengunjung zonk.",2
"Tempat wisata ini ramah untuk anak-anak, cocok untuk keluarga besar recommended.",4
"Lokasi liburannya ramah untuk anak-anak, manajemen antreannya rapi recommended.",4
"Secara keseluruhan lumayan, tapi bersiaplah lelah berjalan kaki biasa aja.",3
"Tempatnya sangat kotor, petugasnya cuek dan tidak ramah tidak rekomended.",2
"Akses menuju lokasi parah, banyak pungli yang meresahkan pengunjung zonk.",1
"Harga tiketnya biasa saja, tapi akses jalan agak macet tapi perlu perbaikan.",3
"Tempatnya sebenarnya bagus, hanya saja tempat parkir cepat penuh ok.",3
Destinasi wisata alam ini sangat terawat bahkan banyak spot foto instagramable bgt.,4
Lokasi liburannya sangat sejuk dan asri dan akses jalannya mudah recommended.,5
"Fasilitas di tempat ini luas dan aman, petugasnya sangat ramah!",5
"Harga tiketnya biasa saja, tapi bersiaplah lelah berjalan kaki tapi perlu perbaikan.",3
Destinasi wisata alam ini sangat bersih bahkan manajemen antreannya rapi!,5
"Fasilitas di tempat ini sangat bersih, fasilitas ibadahnya lengkap recommended.",5
"Tempat wisata ini luas dan aman, petugasnya sangat ramah puas sekali.",5
"Fasilitas umumnya rusak, banyak pungli yang meresahkan pengunjung tidak rekomended.",1
"Pemandangannya cukup indah, tapi bersiaplah lelah berjalan kaki standar.",3
"Tempatnya sangat kotor, sangat pengap dan berdesakan!",1
"Harga tiketnya biasa saja, tapi bersiaplah lelah berjalan kaki biasa aja.",3
"Fasilitas umumnya rusak, petugasnya cuek dan tidak ramah parah.",1
Tempat wisata ini luas dan aman bahkan manajemen antreannya rapi bgt.,5
"Secara keseluruhan lumayan, hanya saja suasananya terlalu panas standar.",3
"Area wisatanya luas dan aman, akses jalannya mudah bgt.",5
"Fasilitas umumnya rusak, sangat pengap dan berdesakan kecewa berat.",1
"Tempat wisata ini sangat seru dan edukatif, cocok untuk keluarga besar puas sekali.",4
"Taman di area ini sangat bersih, petugasnya sangat ramah wajib dicoba.",5
"Taman di area ini sangat seru dan edukatif, harganya ramah di kantong bgt.",4
"Taman di area ini tertata dengan rapi, akses jalannya mudah!",5
"Tempatnya sebenarnya bagus, tapi antrean tiketnya lumayan panjang lumayan.",3
Tempat wisata ini sangat seru dan edukatif bahkan harganya ramah di kantong recommended.,5
"Fasilitasnya standar, hanya saja tempat parkir cepat penuh standar.",3
Fasilitas di tempat ini sangat bersih dan fasilitas ibadahnya lengkap recommended.,4
"Pemandangan di sini sangat seru dan edukatif, bikin betah berlama-lama wajib dicoba.",4
"Tempat wisata ini sangat seru dan edukatif, manajemen antreannya rapi!",5
"Sangat kecewa, sangat pengap dan berdesakan kapok ke sini.",2
Pemandangan di sini sangat seru dan edukatif serta manajemen antreannya rapi recommended.,5
"Pemandangan di sini ramah untuk anak-anak, cocok untuk keluarga besar puas sekali.",5
"Lokasi liburannya ramah untuk anak-anak, fasilitas ibadahnya lengkap puas sekali.",5
"Destinasi wisata alam ini sangat terawat, akses jalannya mudah mantap.",5
"Area wisatanya sangat seru dan edukatif, akses jalannya mudah wajib dicoba.",5
Area wisatanya sangat seru dan edukatif dan fasilitas ibadahnya lengkap!,5
"Wahana yang tersedia sangat terawat, petugasnya sangat ramah banget.",5
Tempat wisata ini sangat terawat bahkan cocok untuk keluarga besar recommended.,4
"Tempatnya sangat kotor, banyak sampah berserakan di mana-mana!",2
"Pelayanannya buruk, banyak pungli yang meresahkan pengunjung kapok ke sini.",2
"Destinasi wisata alam ini sangat sejuk dan asri, cocok untuk keluarga besar mantap.",5
"Tempatnya sangat kotor, banyak pungli yang meresahkan pengunjung kecewa berat.",2
"Pemandangannya cukup indah, namun harga makanan agak mahal biasa aja.",3
"Pelayanannya buruk, petugasnya cuek dan tidak ramah buruk sekali.",2
"Pelayanannya buruk, jalannya rusak parah dan berlubang kapok ke sini.",2
"Destinasi wisata alam ini luas dan aman, manajemen antreannya rapi banget.",4
"Wahana yang tersedia luas dan aman, cocok untuk keluarga besar!",4
"Sangat kecewa, wahana permainannya banyak yang tidak berfungsi buruk sekali.",2
Wahana yang tersedia tertata dengan rapi bahkan harganya ramah di kantong top.,4
"Sangat kecewa, petugasnya cuek dan tidak ramah buruk sekali.",1
"Area wisatanya sangat sejuk dan asri, manajemen antreannya rapi!",4
Pemandangan di sini sangat indah mempesona serta banyak spot foto instagramable puas sekali.,4
"Taman di area ini tertata dengan rapi, cocok untuk keluarga besar puas sekali.",5
"Pemandangannya cukup indah, tapi akses jalan agak macet cukup lah.",3
"Wahana yang tersedia ramah untuk anak-anak, fasilitas ibadahnya lengkap wajib dicoba.",4
Tempat wisata ini tertata dengan rapi serta fasilitas ibadahnya lengkap top.,4
Tempat wisata ini sangat bersih dan cocok untuk keluarga besar puas sekali.,5
"Secara keseluruhan lumayan, namun harga makanan agak mahal ok.",3
"Tempat wisata ini sangat indah mempesona, banyak spot foto instagramable mantap.",4
"Tempatnya sangat kotor, banyak sampah berserakan di mana-mana parah.",1
"Tempat wisata ini tertata dengan rapi, fasilitas ibadahnya lengkap bgt.",4
"Pemandangan di sini tertata dengan rapi, akses jalannya mudah!",5
"Fasilitas umumnya rusak, jalannya rusak parah dan berlubang!",1
"Pelayanannya buruk, petugasnya cuek dan tidak ramah kecewa berat.",1
"Fasilitas umumnya rusak, wahana permainannya banyak yang tidak berfungsi!",1
"Tempatnya sangat kotor, banyak pungli yang meresahkan pengunjung zonk.",2
Lokasi liburannya sangat terawat dan manajemen antreannya rapi bgt.,4
"Pemandangannya cukup indah, hanya saja suasananya terlalu panas ok.",3
Wahana yang tersedia sangat indah mempesona dan petugasnya sangat ramah bgt.,5
"Pemandangannya cukup indah, hanya saja suasananya terlalu panas biasa aja.",3
"Destinasi wisata alam ini sangat bersih, akses jalannya mudah wajib dicoba.",4
"Lokasi liburannya sangat bersih, akses jalannya mudah banget.",5
"Harga tiketnya biasa saja, namun kurang terawat di beberapa sudut standar.",3
"Fasilitasnya standar, namun kurang terawat di beberapa sudut biasa aja.",3
"Lokasi liburannya sangat bersih, bikin betah berlama-lama recommended.",5
"Akses menuju lokasi parah, harga tiket terlalu mahal tidak masuk akal buruk sekali.",1
Area wisatanya luas dan aman serta banyak spot foto instagramable recommended.,4
Taman di area ini tertata dengan rapi serta bikin betah berlama-lama bgt.,4
"Wahana yang tersedia ramah untuk anak-anak, harganya ramah di kantong!",5
"Tempat wisata ini ramah untuk anak-anak, akses jalannya mudah top.",4
"Wahana yang tersedia sangat sejuk dan asri, banyak spot foto instagramable puas sekali.",5
"Tempat wisata ini luas dan aman, banyak spot foto instagramable!",4
"Tempatnya sebenarnya bagus, namun harga makanan agak mahal cukup lah.",3
"Secara keseluruhan lumayan, namun harga makanan agak mahal biasa aja.",3
Taman di area ini tertata dengan rapi dan petugasnya sangat ramah bgt.,4
"Secara keseluruhan lumayan, tapi pilihan kulinernya sedikit standar.",3
"Pelayanannya buruk, banyak sampah berserakan di mana-mana kecewa berat.",1
Destinasi wisata alam ini sangat bersih bahkan manajemen antreannya rapi puas sekali.,4
Taman di area ini sangat bersih serta banyak spot foto instagramable wajib dicoba.,5
"Pemandangannya cukup indah, tapi antrean tiketnya lumayan panjang biasa aja.",3
"Taman di area ini luas dan aman, banyak spot foto instagramable top.",5
"Area wisatanya luas dan aman, harganya ramah di kantong banget.",4
"Lokasi liburannya tertata dengan rapi, harganya ramah di kantong wajib dicoba.",4
"Akses menuju lokasi parah, petugasnya cuek dan tidak ramah buruk sekali.",2
Tempat wisata ini sangat bersih sehingga membuat banyak spot foto instagramable!,4
Fasilitas di tempat ini sangat seru dan edukatif bahkan harganya ramah di kantong!,4
"Secara keseluruhan lumayan, tapi antrean tiketnya lumayan panjang biasa aja.",3
Pemandangan di sini sangat seru dan edukatif serta bikin betah berlama-lama wajib dicoba.,5
"Tempatnya sebenarnya bagus, tapi bersiaplah lelah berjalan kaki tapi perlu perbaikan.",3
"Fasilitasnya standar, tapi antrean tiketnya lumayan panjang cukup lah.",3
"Tempatnya sebenarnya bagus, namun harga makanan agak mahal standar.",3
"Pemandangan di sini luas dan aman, fasilitas ibadahnya lengkap top.",5
Lokasi liburannya sangat sejuk dan asri bahkan banyak spot foto instagramable bgt.,4
"Destinasi wisata alam ini tertata dengan rapi, cocok untuk keluarga besar banget.",5
"Taman di area ini ramah untuk anak-anak, bikin betah berlama-lama recommended.",5
"Tempatnya sangat kotor, wahana permainannya banyak yang tidak berfungsi kecewa berat.",1
"Area wisatanya sangat seru dan edukatif, fasilitas ibadahnya lengkap mantap.",4
Taman di area ini sangat indah mempesona bahkan harganya ramah di kantong banget.,4
"Tempat wisata ini sangat sejuk dan asri, cocok untuk keluarga besar!",4
"Lokasi liburannya sangat terawat, manajemen antreannya rapi top.",5
Wahana yang tersedia luas dan aman bahkan akses jalannya mudah banget.,4
"Tempatnya sebenarnya bagus, tapi antrean tiketnya lumayan panjang.",3
"Wahana yang tersedia sangat indah mempesona, petugasnya sangat ramah banget.",4
"Fasilitasnya standar, namun kurang terawat di beberapa sudut.",3
Fasilitas di tempat ini sangat terawat dan harganya ramah di kantong bgt.,4
Area wisatanya sangat sejuk dan asri bahkan fasilitas ibadahnya lengkap banget.,5
"Fasilitasnya standar, namun kurang terawat di beberapa sudut standar.",3
"Harga tiketnya biasa saja, namun kurang terawat di beberapa sudut cukup lah.",3
"Fasilitasnya standar, tapi pilihan kulinernya sedikit.",3
"Tempat wisata ini ramah untuk anak-anak, harganya ramah di kantong wajib dicoba.",5
Destinasi wisata alam ini luas dan aman serta manajemen antreannya rapi!,4
"Fasilitas umumnya rusak, toiletnya bau dan tidak ada air zonk.",2
"Taman di area ini tertata dengan rapi, manajemen antreannya rapi top.",4
"Fasilitas di tempat ini sangat terawat, harganya ramah di kantong top.",5
"Harga tiketnya biasa saja, tapi akses jalan agak macet.",3
"Pelayanannya buruk, jalannya rusak parah dan berlubang buruk sekali.",2
Pemandangan di sini luas dan aman sehingga membuat banyak spot foto instagramable mantap.,5
"Tempatnya sebenarnya bagus, tapi antrean tiketnya lumayan panjang ok.",3
"Area wisatanya sangat indah mempesona, fasilitas ibadahnya lengkap mantap.",4
"Tempatnya sebenarnya bagus, tapi pilihan kulinernya sedikit cukup lah.",3
"Taman di area ini ramah untuk anak-anak, petugasnya sangat ramah bgt.",5
"Harga tiketnya biasa saja, namun kurang terawat di beberapa sudut tapi perlu perbaikan.",3
"Area wisatanya sangat bersih, petugasnya sangat ramah puas sekali.",4
"Lokasi liburannya ramah untuk anak-anak, banyak spot foto instagramable bgt.",5
Destinasi wisata alam ini sangat terawat sehingga membuat petugasnya sangat ramah bgt.,4
"Harga tiketnya biasa saja, tapi pilihan kulinernya sedikit tapi perlu perbaikan.",3
Pemandangan di sini sangat seru dan edukatif dan harganya ramah di kantong wajib dicoba.,5
"Akses menuju lokasi parah, toiletnya bau dan tidak ada air buruk sekali.",1
Lokasi liburannya sangat terawat bahkan harganya ramah di kantong banget.,5
"Secara keseluruhan lumayan, hanya saja tempat parkir cepat penuh standar.",3
"Taman di area ini tertata dengan rapi, fasilitas ibadahnya lengkap!",5
"Pemandangannya cukup indah, namun kurang terawat di beberapa sudut tapi perlu perbaikan.",3
Destinasi wisata alam ini sangat sejuk dan asri serta fasilitas ibadahnya lengkap top.,4
Fasilitas di tempat ini tertata dengan rapi bahkan bikin betah berlama-lama!,4
"Pelayanannya buruk, wahana permainannya banyak yang tidak berfungsi!",2
"Pemandangan di sini sangat terawat, bikin betah berlama-lama wajib dicoba.",5
Area wisatanya sangat indah mempesona dan akses jalannya mudah banget.,4
"Tempat wisata ini sangat bersih, cocok untuk keluarga besar recommended.",4
"Area wisatanya ramah untuk anak-anak, manajemen antreannya rapi banget.",4
"Lokasi liburannya sangat indah mempesona, banyak spot foto instagramable bgt.",5
